instance_id,original_prompt,true_answer,actual_predicted_answer,concept,true_entities,predicted_entities,macro_weighted_precision,macro_weighted_recall,macro_weighted_f1
 , , , , , , ,0.895,0.654,0.743
0,"Absolutely, the entities that pertain to food are provided below:  tea, coffee, chocolate, cocoa, cinnamon, grape, pomegranate, red wine, berries, olive oil","Definitely, the entities are linked as such:  tea - AG.01.ac, coffee - AG.01.ad, chocolate - AG.01.n.17.a, cocoa - AG.01, cinnamon - AG.01.l.03, grape - AG.01.h.01.b, pomegranate - AG.01.h.01, red wine - AG.01.y.01.a, berries - AG.01.h.01.b, olive oil - AG.01.f.","Absolutely, the entities are related in this way: tea - AG.01.ac, coffee - AG.01.ad, chocolate - AG.01.n.17.a, cocoa - AG.01, cinnamon - AG.01.l.03, grape - AG.01.h.01.b, pomegranate - AG.01.h.01.b, red wine - AG.01.y.01.a, berries - AG.01.h.01.b, olive oil - AG.01.f.", , , ,0.833,0.900,0.860
0_0, , , ,tea,AG.01.ac,AG.01.ac, , , 
0_1, , , ,coffee,AG.01.ad,AG.01.ad, , , 
0_2, , , ,chocolate,AG.01.n.17.a,AG.01.n.17.a, , , 
0_3, , , ,cocoa,AG.01,AG.01, , , 
0_4, , , ,cinnamon,AG.01.l.03,AG.01.l.03, , , 
0_5, , , ,grape,AG.01.h.01.b,AG.01.h.01.b, , , 
0_6, , , ,pomegranate,AG.01.h.01,AG.01.h.01.b, , , 
0_7, , , ,red wine,AG.01.y.01.a,AG.01.y.01.a, , , 
0_8, , , ,berries,AG.01.h.01.b,AG.01.h.01.b, , , 
0_9, , , ,olive oil,AG.01.f,AG.01.f, , , 
1,"Of course, the entities associated with food are outlined below:  cocoa products, chocolate, cocoa","Of course, the entities are connected as:  cocoa products - AG.01, chocolate - AG.01.n.17.a, cocoa - AG.01.","Indeed, the entities are connected in the following way: chocolate - AG.01.n.17.a, cocoa - AG.01, cocoa products - AG.01, cocoa derivatives - AG.01, cocoa products - AG.01, chocolate components - AG.01.n.17.a.", , , ,1.000,1.000,1.000
1_0, , , ,cocoa products,AG.01,AG.01, , , 
1_1, , , ,chocolate,AG.01.n.17.a,AG.01.n.17.a, , , 
1_2, , , ,cocoa,AG.01,AG.01, , , 
2,"Definitely, the entities relevant to food are as follows:  milk","Of course, the entities are linked in this way:  milk - AG.01.e.","Definitely, the entities are linked in this fashion: milk - AG.01.e, production - AG.01.", , , ,1.000,1.000,1.000
2_0, , , ,milk,AG.01.e,AG.01.e, , , 
3,"Of course, the entities associated with food are listed below:  grapes, wines, red wines, red wine, wine, dietary intake, consumption, red","Of course, the entities are interlocked as:  grapes - AG.01.h.01.b, wines - AG.01.y.01.a, red wines - AG.01.y.01.a, red wine - AG.01.y.01.a, wine - AG.01.y.01.a, dietary intake - X, consumption - X, red - AG.01.y.01.a.","Definitely, the entities are linked correspondingly: grapes - AG.01.h.01.b, wines - AG.01.y.01.a, red wines - AG.01.y.01.a, wine - AG.01.y.01.a, wine phenolics - AG.01.y.01.a, wine dietary intake - AG.01.y.01.a, wine origin - AG.01.y.01.a, wine consumption - AG.01.y.01.a.", , , ,0.750,0.500,0.594
3_0, , , ,grapes,AG.01.h.01.b,AG.01.h.01.b, , , 
3_1, , , ,wines,AG.01.y.01.a,AG.01.y.01.a, , , 
3_2, , , ,red wines,AG.01.y.01.a,AG.01.y.01.a, , , 
3_3, , , ,red wine,AG.01.y.01.a,, , , 
3_4, , , ,wine,AG.01.y.01.a,AG.01.y.01.a, , , 
3_5, , , ,dietary intake,X,, , , 
3_6, , , ,consumption,X,, , , 
3_7, , , ,red,AG.01.y.01.a,, , , 
4,"Indeed, the entities that relate to food are:  coffee, beverages, cream, sugar, black coffee, espresso, espresso coffee, bold coffee roast, bold coffee, coffee sample without cream","Indeed, the entities are connected properly:  coffee - AG.01.ad, beverages - AG.01.y, cream - AG.01.e, sugar - AG.01.l.02, black coffee - AG.01.ad, espresso - AG.01.ad, espresso coffee - AG.01.ad, bold coffee roast - AG.01.ad, bold coffee - AG.01.ad, coffee sample without cream - AG.01.ad.","Of course, the entities are bonded accordingly: coffee - AG.01.ad, cream - AG.01.e, sugar - AG.01.l.02, black coffee - AG.01.ad, decaffeinated mild roast - AG.01.ad.", , , ,0.900,0.400,0.511
4_0, , , ,coffee,AG.01.ad,AG.01.ad, , , 
4_1, , , ,beverages,AG.01.y,, , , 
4_2, , , ,cream,AG.01.e,AG.01.e, , , 
4_3, , , ,sugar,AG.01.l.02,AG.01.l.02, , , 
4_4, , , ,black coffee,AG.01.ad,AG.01.ad, , , 
4_5, , , ,espresso,AG.01.ad,, , , 
4_6, , , ,espresso coffee,AG.01.ad,, , , 
4_7, , , ,bold coffee roast,AG.01.ad,, , , 
4_8, , , ,bold coffee,AG.01.ad,, , , 
4_9, , , ,coffee sample without cream,AG.01.ad,, , , 
5,"Absolutely, the entities associated with food are detailed below:  beverages, animal milk, dairy milk, bovine milk, nuts, cereals, seeds, legumes, plant-based milk beverages","Definitely, the entities are linked properly:  beverages - AG.01, animal milk - AG.01.e, dairy milk - AG.01.e, bovine milk - AG.01.e, nuts - AG.01.h.01.f, cereals - AG.01.i, seeds - AG.01, legumes - AG.01.h.02.g, plant-based milk beverages - AG.01.","Certainly, the entities are associated in the following way: plant-based protein - AG.01, animal milk - AG.01.e, plant-based emulsions - AG.01, plant-based milk beverages - AG.01.e, plant sources - AG.01, nuts - AG.01.h.01.f, cereals - AG.01.i, seeds - AG.01, legumes - AG.01.h.02.g, plant-based milk - AG.01.e.", , , ,0.833,0.556,0.633
5_0, , , ,beverages,AG.01,, , , 
5_1, , , ,animal milk,AG.01.e,AG.01.e, , , 
5_2, , , ,dairy milk,AG.01.e,, , , 
5_3, , , ,bovine milk,AG.01.e,, , , 
5_4, , , ,nuts,AG.01.h.01.f,AG.01.h.01.f, , , 
5_5, , , ,cereals,AG.01.i,AG.01.i, , , 
5_6, , , ,seeds,AG.01,AG.01, , , 
5_7, , , ,legumes,AG.01.h.02.g,AG.01.h.02.g, , , 
5_8, , , ,plant-based milk beverages,AG.01,AG.01.e, , , 
6,"Yes, the entities related to food are detailed below:  peas, split yellow pea, flour, wheat flour, bread, bread with untreated pea flour, yellow pea, white pan bread, flours, breads","Of course, the entities are coupled as:  peas - AG.01.h.02.g, split yellow pea - AG.01.h.02.g, flour - AG.01.h.02.g, wheat flour - AG.01.k, bread - AG.01.n.11, bread with untreated pea flour - AG.01.n.11, yellow pea - AG.01.h.02.g, white pan bread - AG.01.n.11, flours - AG.01.h.02.g, breads - AG.01.n.11.","Certainly, the entities are associated in this manner: peas - AG.01.h.02.g, pulse ingredients - AG.01.h.02.g, pea flour - AG.01.k, wheat flour - AG.01.k, bread - AG.01.n.11, wheat - AG.01.i, pea flour - AG.01.k.", , , ,1.000,0.300,0.427
6_0, , , ,peas,AG.01.h.02.g,AG.01.h.02.g, , , 
6_1, , , ,split yellow pea,AG.01.h.02.g,, , , 
6_2, , , ,flour,AG.01.h.02.g,, , , 
6_3, , , ,wheat flour,AG.01.k,AG.01.k, , , 
6_4, , , ,bread,AG.01.n.11,AG.01.n.11, , , 
6_5, , , ,bread with untreated pea flour,AG.01.n.11,, , , 
6_6, , , ,yellow pea,AG.01.h.02.g,, , , 
6_7, , , ,white pan bread,AG.01.n.11,, , , 
6_8, , , ,flours,AG.01.h.02.g,, , , 
6_9, , , ,breads,AG.01.n.11,, , , 
7,"Absolutely, the entities associated with food are provided below:  water, dairy food, cheese sauce, cottage cheese, milk-based soup, cottage cheeses, lower sodium cottage cheeses, higher sodium cottage cheeses, milk-based soups","Absolutely, the entities are related appropriately:  water - AG.01.z, dairy food - AG.01.e, cheese sauce - AG.01.l.04, cottage cheese - AG.01.e, milk-based soup - AG.01.n.02, cottage cheeses - AG.01.e, lower sodium cottage cheeses - AG.01.e, higher sodium cottage cheeses - AG.01.e, milk-based soups - AG.01.n.02.","Indeed, the entities are connected as such: water - AG.01.z [Water], cheese sauce - AG.01.e.02 [Cheese];AG.01.l.04 [Sauce/dressing];AG.01.n.18 [Preserve], cottage cheese - AG.01 [Food], milk-based soup - AG.01.n.02 [Soup/pottage], cottage cheeses - AG.01 [Food].", , , ,0.333,0.222,0.259
7_0, , , ,water,AG.01.z,AG.01.z, , , 
7_1, , , ,dairy food,AG.01.e,, , , 
7_2, , , ,cheese sauce,AG.01.l.04,AG.01.e.02, , , 
7_3, , , ,cottage cheese,AG.01.e,AG.01, , , 
7_4, , , ,milk-based soup,AG.01.n.02,AG.01.n.02, , , 
7_5, , , ,cottage cheeses,AG.01.e,AG.01, , , 
7_6, , , ,lower sodium cottage cheeses,AG.01.e,, , , 
7_7, , , ,higher sodium cottage cheeses,AG.01.e,, , , 
7_8, , , ,milk-based soups,AG.01.n.02,, , , 
8,"Certainly, the entities connected with food are as follows:  wheat, barley, rye, oats","Certainly, the entities are associated properly:  wheat - AG.01.i, barley - AG.01.i, rye - AG.01.i, oats - AG.01.i.","Absolutely, the entities are related in this way: gluten - AG.01, wheat - AG.01.i, barley - AG.01.i, oats - AG.01.i, cereal protein - AG.01.i, wheat and oats - AG.01.i, wheat - AG.01.i, barley - AG.01.i, oats - AG.01.i, energy - AG.01, all types of gluten - AG.01, barley - AG.01.i.", , , ,1.000,0.750,0.857
8_0, , , ,wheat,AG.01.i,AG.01.i, , , 
8_1, , , ,barley,AG.01.i,AG.01.i, , , 
8_2, , , ,rye,AG.01.i,, , , 
8_3, , , ,oats,AG.01.i,AG.01.i, , , 
9,"Sure thing, the entities linked to food are outlined below:  coffee, beverages, tea, soft drinks, energy drinks, chocolate, consumption, intake","Indeed, the entities are connected in this fashion:  coffee - AG.01.ad, beverages - AG.01.y, tea - AG.01.ac, soft drinks - AG.01.y, energy drinks - AG.01.y, chocolate - AG.01.n.17.a, consumption - X, intake - X.","Definitely, the entities are linked accordingly: coffee - AG.01.ad, chocolate - AG.01.n.17.a, beverages - AG.01.y, soft drinks - AG.01.y, energy drinks - AG.01.y, products - AG.01.e.", , , ,0.625,0.625,0.625
9_0, , , ,coffee,AG.01.ad,AG.01.ad, , , 
9_1, , , ,beverages,AG.01.y,AG.01.y, , , 
9_2, , , ,tea,AG.01.ac,, , , 
9_3, , , ,soft drinks,AG.01.y,AG.01.y, , , 
9_4, , , ,energy drinks,AG.01.y,AG.01.y, , , 
9_5, , , ,chocolate,AG.01.n.17.a,AG.01.n.17.a, , , 
9_6, , , ,consumption,X,, , , 
9_7, , , ,intake,X,, , , 
10,"Absolutely, the entities that pertain to food are detailed below:  apple, carrot, potato, fruit, apple peel, hazelnut","Of course, the entities are bonded correspondingly:  apple - AG.01.h.01.c, carrot - AG.01.h.02.a, potato - AG.01.h.02.a, fruit - AG.01.h.01, apple peel - AG.01.h.01.c, hazelnut - AG.01.h.01.f.","Certainly, the entities are associated properly: apple - AG.01.h.01.c, carrot - AG.01.h.02.a, potato - AG.01.h.02.a, hazelnut - AG.01.h.01.f, birch - AG.01.h.01.f, birch pollen extract - AG.01.h.01.f, raw carrot - AG.01.h.02.a.", , , ,0.833,0.667,0.722
10_0, , , ,apple,AG.01.h.01.c,AG.01.h.01.c, , , 
10_1, , , ,carrot,AG.01.h.02.a,AG.01.h.02.a, , , 
10_2, , , ,potato,AG.01.h.02.a,AG.01.h.02.a, , , 
10_3, , , ,fruit,AG.01.h.01,, , , 
10_4, , , ,apple peel,AG.01.h.01.c,, , , 
10_5, , , ,hazelnut,AG.01.h.01.f,AG.01.h.01.f, , , 
11,"Definitely, the entities concerning food are delineated below:  coffea arabica beans, olive oil, coconut oil","Of course, the entities are bonded properly:  coffea arabica beans - AG.01.ad, olive oil - AG.01.f, coconut oil - AG.01.f.","Of course, the entities are bonded in this fashion: coffee total lipids - AG.01.ad, coffee non-saponifiable matter - AG.01.ad, coffee diterpene alcohols - AG.01.ad, Coffea arabica beans - AG.01.ad, commercial laboratory chow diet - AG.01, semi-synthetic diet - AG.01, gelatine - AG.01, olive oil - AG.01.f, coconut oil - AG.01.f, vehicle - X, coffee lipid extracts - AG.01.ad, coffee lipid - AG.01.ad, coffee lipid-treated groups - AG.01.ad, coffee lipid groups - AG.01.ad.", , , ,1.000,1.000,1.000
11_0, , , ,coffea arabica beans,AG.01.ad,AG.01.ad, , , 
11_1, , , ,olive oil,AG.01.f,AG.01.f, , , 
11_2, , , ,coconut oil,AG.01.f,AG.01.f, , , 
12,"Indeed, the entities concerning food are detailed below:  olive oil, wine, red wine, virgin olive oil","Certainly, the entities are associated accordingly:  olive oil - AG.01.f, wine - AG.01.y.01.a, red wine - AG.01.y.01.a, virgin olive oil - AG.01.f.","Absolutely, the entities are related in this way: olive oil - AG.01.f, wine - AG.01.y.01.a, red wine - AG.01.y.01.a, virgin olive oil - AG.01.f.", , , ,1.000,1.000,1.000
12_0, , , ,olive oil,AG.01.f,AG.01.f, , , 
12_1, , , ,wine,AG.01.y.01.a,AG.01.y.01.a, , , 
12_2, , , ,red wine,AG.01.y.01.a,AG.01.y.01.a, , , 
12_3, , , ,virgin olive oil,AG.01.f,AG.01.f, , , 
13,"Of course, here are the entities related to food:  cocoa, chocolate, drink","Absolutely, the entities are related appropriately:  cocoa - AG.01, chocolate - AG.01.n.17.a, drink - AG.01.y.","Of course, the entities are bonded in this fashion: cocoa - AG.01, chocolate - AG.01.n.17.a, drink - AG.01.ak.", , , ,0.667,0.667,0.667
13_0, , , ,cocoa,AG.01,AG.01, , , 
13_1, , , ,chocolate,AG.01.n.17.a,AG.01.n.17.a, , , 
13_2, , , ,drink,AG.01.y,AG.01.ak, , , 
14,"Of course, the entities regarding food are delineated below:  corn oil, milk fat, chicken fat, beef tallow, lard","Indeed, the entities are connected properly:  corn oil - AG.01.f, milk fat - AG.01.e, chicken fat - AG.01.f, beef tallow - AG.01.f, lard - AG.01.f.","Definitely, the entities are linked in this fashion: corn oil - AG.01.f, cholesterol - AG.01, milk fat - AG.01.e, chicken fat - AG.01.f, beef tallow - AG.01.f, lard - AG.01.f.", , , ,1.000,1.000,1.000
14_0, , , ,corn oil,AG.01.f,AG.01.f, , , 
14_1, , , ,milk fat,AG.01.e,AG.01.e, , , 
14_2, , , ,chicken fat,AG.01.f,AG.01.f, , , 
14_3, , , ,beef tallow,AG.01.f,AG.01.f, , , 
14_4, , , ,lard,AG.01.f,AG.01.f, , , 
15,"Certainly, the entities connected with food are detailed below:  alcohol, consumption, wine, intake, plant foods, cereals, olive oil, red, meat","Absolutely, the entities are associated as:  alcohol - AG.01.y.01, consumption - X, wine - AG.01.y.01.a, intake - X, plant foods - AG.01, cereals - AG.01.i, olive oil - AG.01.f, red - AG.01.d, meat - AG.01.d.","Of course, the entities are bonded in the following way: alcohol - AG.01.y.01, consumption - X, wine - AG.01.y.01.a, intake - X, plant foods - AG.01, cereals - AG.01.i, olive oil - AG.01.f, red meat - AG.01.d.", , , ,0.778,0.778,0.778
15_0, , , ,alcohol,AG.01.y.01,AG.01.y.01, , , 
15_1, , , ,consumption,X,X, , , 
15_2, , , ,wine,AG.01.y.01.a,AG.01.y.01.a, , , 
15_3, , , ,intake,X,X, , , 
15_4, , , ,plant foods,AG.01,AG.01, , , 
15_5, , , ,cereals,AG.01.i,AG.01.i, , , 
15_6, , , ,olive oil,AG.01.f,AG.01.f, , , 
15_7, , , ,red,AG.01.d,, , , 
15_8, , , ,meat,AG.01.d,, , , 
16,"Sure thing, the entities regarding food are delineated below:  dairy, consumption, yogurt, intake, dairy products, fermented dairy products","Absolutely, the entities are related correspondingly:  dairy - AG.01.e, consumption - X, yogurt - AG.01.e, intake - X, dairy products - AG.01.e, fermented dairy products - AG.01.e.","Certainly, the entities are associated in this manner: dairy consumption - AG.01.e, yogurt - AG.01.e, dairy products - AG.01.e, yogurt intake - AG.01.e, yogurt consumption - AG.01.e, fermented dairy products - AG.01.e.", , , ,0.667,0.500,0.571
16_0, , , ,dairy,AG.01.e,, , , 
16_1, , , ,consumption,X,, , , 
16_2, , , ,yogurt,AG.01.e,AG.01.e, , , 
16_3, , , ,intake,X,, , , 
16_4, , , ,dairy products,AG.01.e,AG.01.e, , , 
16_5, , , ,fermented dairy products,AG.01.e,AG.01.e, , , 
17,"Of course, the entities regarding food are provided as follows:  tea, beverage, salt tea, cereal paste","Definitely, the entities are linked in the following way:  tea - AG.01.ac, beverage - AG.01.y, salt tea - AG.01.ac, cereal paste - AG.01.n.10.","Certainly, the entities are associated in this fashion: salt tea - AG.01.ac, beverage - AG.01.y, salt - AG.01.l.01, cereal paste - AG.01.n, tea - AG.01.ac, bicarbonate sodium - AG.01.l.01, salt tea drinkers - AG.01.ac, alkaline tea - AG.01.ac, tea drinkers - AG.01.ac.", , , ,0.750,0.750,0.750
17_0, , , ,tea,AG.01.ac,AG.01.ac, , , 
17_1, , , ,beverage,AG.01.y,AG.01.y, , , 
17_2, , , ,salt tea,AG.01.ac,AG.01.ac, , , 
17_3, , , ,cereal paste,AG.01.n.10,AG.01.n, , , 
18,"Yes, the entities related to food are as follows:  fruit, olives, olive oil","Of course, the entities are bonded thusly:  fruit - AG.01.h.01.e, olives - AG.01.h.01.e, olive oil - AG.01.f.","Absolutely, the entities are related suitably: olive fruit - AG.01.h.01.e, olive oil - AG.01.f, olives - AG.01.h.01.e, olive oil phenols - AG.01.f, olive oil - AG.01.f.", , , ,1.000,0.667,0.778
18_0, , , ,fruit,AG.01.h.01.e,, , , 
18_1, , , ,olives,AG.01.h.01.e,AG.01.h.01.e, , , 
18_2, , , ,olive oil,AG.01.f,AG.01.f, , , 
19,"Certainly, the entities connected to food are delineated below:  legumes, nuts, meat, dairy produce, cereal products, fats, oils, tea, coffee, sugar-containing beverages, vegetables, fruits, fish, alcoholic beverages, salt","Definitely, the entities are bonded together as:  legumes - AG.01.h.02.g, nuts - AG.01.h.01.f, meat - AG.01.d, dairy produce - AG.01.e, cereal products - AG.01.i, fats - AG.01.f, oils - AG.01.f, tea - AG.01.ac, coffee - AG.01.ad, sugar-containing beverages - AG.01.y, vegetables - AG.01.h.02, fruits - AG.01.h.01, fish - AG.01.d.07, alcoholic beverages - AG.01.y.01, salt - AG.01.l.01.","Of course, the entities are bonded in this manner: foods - AG.01, plant food-based dietary pattern - AG.01, animal-based food - AG.01, legumes - AG.01.h.02.g, nuts - AG.01.h.01.f, meat - AG.01.d, dairy produce - AG.01.e, cereal products - AG.01.i, fats - AG.01.f, oils - AG.01.f, tea - AG.01.ac, coffee - AG.01.ad, sugar-containing beverages - AG.01.y, vegetables - AG.01.h.02, fruits - AG.01.h.01, fish - AG.01.d.07, alcoholic beverages - AG.01.y.01.", , , ,0.933,0.933,0.933
19_0, , , ,legumes,AG.01.h.02.g,AG.01.h.02.g, , , 
19_1, , , ,nuts,AG.01.h.01.f,AG.01.h.01.f, , , 
19_2, , , ,meat,AG.01.d,AG.01.d, , , 
19_3, , , ,dairy produce,AG.01.e,AG.01.e, , , 
19_4, , , ,cereal products,AG.01.i,AG.01.i, , , 
19_5, , , ,fats,AG.01.f,AG.01.f, , , 
19_6, , , ,oils,AG.01.f,AG.01.f, , , 
19_7, , , ,tea,AG.01.ac,AG.01.ac, , , 
19_8, , , ,coffee,AG.01.ad,AG.01.ad, , , 
19_9, , , ,sugar-containing beverages,AG.01.y,AG.01.y, , , 
19_10, , , ,vegetables,AG.01.h.02,AG.01.h.02, , , 
19_11, , , ,fruits,AG.01.h.01,AG.01.h.01, , , 
19_12, , , ,fish,AG.01.d.07,AG.01.d.07, , , 
19_13, , , ,alcoholic beverages,AG.01.y.01,AG.01.y.01, , , 
19_14, , , ,salt,AG.01.l.01,, , , 
20,"Certainly, the entities connected with food are as follows:  herbs, spices, black pepper, capsicums, cumin, cinnamon, nutmeg, ginger, turmeric, saffron, coriander, cloves, dill, mint, thyme, sesame seed, mustard seed, curry powder","Absolutely, the linking of the entities is:  herbs - AG.01.h.02.i, spices - AG.01.l.03, black pepper - AG.01.l.03, capsicums - AG.01.l.03, cumin - AG.01.l.03, cinnamon - AG.01.l.03, nutmeg - AG.01.l.03, ginger - AG.01.l.03, turmeric - AG.01.l.03, saffron - AG.01.l.03, coriander - AG.01.l.03, cloves - AG.01.l.03, dill - AG.01.h.02.i, mint - AG.01.h.02.i, thyme - AG.01.l.03, sesame seed - AG.01, mustard seed - AG.01.l.03, curry powder - AG.01.l.03.","Indeed, the entities are connected in the following way: spices - AG.01.l.03, herbs - AG.01.l.03, black pepper - AG.01.l.03, capsicums - AG.01.l.03, cumin - AG.01.l.03, cinnamon - AG.01.l.03, nutmeg - AG.01.l.03, ginger - AG.01.l.03, turmeric - AG.01.l.03, saffron - AG.01.l.03, coriander - AG.01.l.03, cloves - AG.01.l.03, dill - AG.01.l.03, mint - AG.01.l.03, thyme - AG.01.l.03, sesame seed - AG.01, mustard seed - AG.01.l.03, curry powder - AG.01.l.03, aromatic herbs - AG.01.l.03, spices - AG.01.l.03.", , , ,0.696,0.833,0.758
20_0, , , ,herbs,AG.01.h.02.i,AG.01.l.03, , , 
20_1, , , ,spices,AG.01.l.03,AG.01.l.03, , , 
20_2, , , ,black pepper,AG.01.l.03,AG.01.l.03, , , 
20_3, , , ,capsicums,AG.01.l.03,AG.01.l.03, , , 
20_4, , , ,cumin,AG.01.l.03,AG.01.l.03, , , 
20_5, , , ,cinnamon,AG.01.l.03,AG.01.l.03, , , 
20_6, , , ,nutmeg,AG.01.l.03,AG.01.l.03, , , 
20_7, , , ,ginger,AG.01.l.03,AG.01.l.03, , , 
20_8, , , ,turmeric,AG.01.l.03,AG.01.l.03, , , 
20_9, , , ,saffron,AG.01.l.03,AG.01.l.03, , , 
20_10, , , ,coriander,AG.01.l.03,AG.01.l.03, , , 
20_11, , , ,cloves,AG.01.l.03,AG.01.l.03, , , 
20_12, , , ,dill,AG.01.h.02.i,AG.01.l.03, , , 
20_13, , , ,mint,AG.01.h.02.i,AG.01.l.03, , , 
20_14, , , ,thyme,AG.01.l.03,AG.01.l.03, , , 
20_15, , , ,sesame seed,AG.01,AG.01, , , 
20_16, , , ,mustard seed,AG.01.l.03,AG.01.l.03, , , 
20_17, , , ,curry powder,AG.01.l.03,AG.01.l.03, , , 
21,"Certainly, the entities connected with food are detailed below:  reduced fat and reduced saturated fat foods, herbs, spices, spice, french toast, sausage, chicken, vegetables, pasta, lower fat foods","Definitely, the entities are linked in this manner:  reduced fat and reduced saturated fat foods - AG.01, herbs - AG.01.h.02.i, spices - AG.01.l.03, spice - AG.01.l.03, french toast - AG.01.n, sausage - AG.01.n.05, chicken - AG.01.d.06, vegetables - AG.01.h.02, pasta - AG.01.i, lower fat foods - AG.01.","Certainly, the entities are associated in the following way: fat foods - AG.01.t.07, herbs - AG.01.h.02.i, spices - AG.01.l.03, high-fat - AG.01.f, low-fat food items - AG.01, French toast - AG.01.n.11, sausage - AG.01.n.05, chicken - AG.01.d.06, vegetables - AG.01.h.02, pasta - AG.01.i, roasted chicken - AG.01.n.06.", , , ,0.700,0.600,0.633
21_0, , , ,reduced fat and reduced saturated fat foods,AG.01,, , , 
21_1, , , ,herbs,AG.01.h.02.i,AG.01.h.02.i, , , 
21_2, , , ,spices,AG.01.l.03,AG.01.l.03, , , 
21_3, , , ,spice,AG.01.l.03,, , , 
21_4, , , ,french toast,AG.01.n,AG.01.n.11, , , 
21_5, , , ,sausage,AG.01.n.05,AG.01.n.05, , , 
21_6, , , ,chicken,AG.01.d.06,AG.01.d.06, , , 
21_7, , , ,vegetables,AG.01.h.02,AG.01.h.02, , , 
21_8, , , ,pasta,AG.01.i,AG.01.i, , , 
21_9, , , ,lower fat foods,AG.01,, , , 
22,"Sure thing, the entities regarding food are delineated below:  fruits, vegetables, cereals, legumes, chocolate, beverages, tea, coffee, wine","Indeed, the entities are linked in the following manner:  fruits - AG.01.h.01, vegetables - AG.01.h.02, cereals - AG.01.i, legumes - AG.01.h.02.g, chocolate - AG.01.n.17.a, beverages - AG.01.y, tea - AG.01.ac, coffee - AG.01.ad, wine - AG.01.y.01.a.","Indeed, the entities are connected in the following way: fruits - AG.01.h.01, vegetables - AG.01.h.02, cereals - AG.01.i, dry legumes - AG.01.h.02.g, chocolate - AG.01.m, beverages - AG.01.y, tea - AG.01.ac, coffee - AG.01.ad, wine - AG.01.y.01.a.", , , ,0.778,0.778,0.778
22_0, , , ,fruits,AG.01.h.01,AG.01.h.01, , , 
22_1, , , ,vegetables,AG.01.h.02,AG.01.h.02, , , 
22_2, , , ,cereals,AG.01.i,AG.01.i, , , 
22_3, , , ,legumes,AG.01.h.02.g,, , , 
22_4, , , ,chocolate,AG.01.n.17.a,AG.01.m, , , 
22_5, , , ,beverages,AG.01.y,AG.01.y, , , 
22_6, , , ,tea,AG.01.ac,AG.01.ac, , , 
22_7, , , ,coffee,AG.01.ad,AG.01.ad, , , 
22_8, , , ,wine,AG.01.y.01.a,AG.01.y.01.a, , , 
23,"Yes, the entities related to food are outlined below:  fruits, vegetables, dark green, deep yellow fruits/vegetables, oils, vegetable, consumption, dark green vegetables, red meat, dairy foods, fruit","Absolutely, the entities are related in this manner:  fruits - AG.01.h.01, vegetables - AG.01.h.02, dark green, deep yellow fruits/vegetables - AG.01.h, oils - AG.01.f, vegetable - AG.01.h.02, consumption - X, dark green vegetables - AG.01.h.02, red meat - AG.01.d, dairy foods - AG.01.e, fruit - AG.01.h.01.","Certainly, the entities are associated in this manner: fruits - AG.01.h.01, vegetables - AG.01.h.02, dark green - AG.01.h.02, deep yellow fruits/vegetables - AG.01.h.01, refined carbohydrates - AG.01.k, fats - AG.01.f, oils - AG.01.f, snacks - AG.01.n, vegetable - AG.01.h.02, consumption - X, dairy foods - AG.01.e, fruit - AG.01.h.01.", , , ,0.733,0.600,0.610
23_0, , , ,fruits,AG.01.h.01,AG.01.h.01, , , 
23_1, , , ,vegetables,AG.01.h.02,AG.01.h.01, , , 
23_2, , , ,"dark green, deep yellow fruits/vegetables",AG.01.h,, , , 
23_3, , , ,oils,AG.01.f,AG.01.f, , , 
23_4, , , ,vegetable,AG.01.h.02,AG.01.h.02, , , 
23_5, , , ,consumption,X,X, , , 
23_6, , , ,dark green vegetables,AG.01.h.02,, , , 
23_7, , , ,red meat,AG.01.d,, , , 
23_8, , , ,dairy foods,AG.01.e,AG.01.e, , , 
23_9, , , ,fruit,AG.01.h.01,AG.01.h.01, , , 
24,"Yes, the entities related to food are as follows:  dairy products, milk, low-fat milk, whole milk","Certainly, the entities are interconnected as:  dairy products - AG.01.e, milk - AG.01.e, low-fat milk - AG.01.e, whole milk - AG.01.e.","Absolutely, the entities are related correspondingly: dairy products - AG.01.e, milk - AG.01.e, whole milk - AG.01.e, low-fat milk - AG.01.e, lactose - AG.01.e, dairy sources - AG.01.e, low-fat milk - AG.01.e, calcium - AG.01.e.", , , ,1.000,1.000,1.000
24_0, , , ,dairy products,AG.01.e,AG.01.e, , , 
24_1, , , ,milk,AG.01.e,AG.01.e, , , 
24_2, , , ,low-fat milk,AG.01.e,AG.01.e, , , 
24_3, , , ,whole milk,AG.01.e,AG.01.e, , , 
25,"Certainly, the entities connected to food are detailed below:  cereal, wheat, rice, corn, barley","Definitely, the entities are linked as such:  cereal - AG.01.i, wheat - AG.01.i, rice - AG.01.i, corn - AG.01.i, barley - AG.01.i.","Certainly, the entities are associated accordingly: cereal crops - AG.01.i, barley - AG.01.i, cereal crop - AG.01.i, wheat - AG.01.i, rice - AG.01.i, corn - AG.01.i, dietary fibers - AG.01, barley global production - AG.01.i, starch - AG.01.i, minerals - AG.01.l.02, vitamins - AG.01.l.02, protein - AG.01.l.02.", , , ,1.000,0.800,0.889
25_0, , , ,cereal,AG.01.i,, , , 
25_1, , , ,wheat,AG.01.i,AG.01.i, , , 
25_2, , , ,rice,AG.01.i,AG.01.i, , , 
25_3, , , ,corn,AG.01.i,AG.01.i, , , 
25_4, , , ,barley,AG.01.i,AG.01.i, , , 
26,"Definitely, the entities relevant to food are as follows:  milk, yogurt, cottage cheese, low fat milk, milks","Of course, the entities are related as:  milk - AG.01.e, yogurt - AG.01.e, cottage cheese - AG.01.e, low fat milk - AG.01.e, milks - AG.01.e.","Absolutely, the entities are related accordingly: lactose - AG.01.e, milk - AG.01.e, dairy products - AG.01.e, yogurt - AG.01.e, cottage cheese - AG.01.e.02, lactose intake - X, milk - AG.01.e, low fat milk - AG.01.e, milks - AG.01.e.", , , ,1.000,0.800,0.889
26_0, , , ,milk,AG.01.e,AG.01.e, , , 
26_1, , , ,yogurt,AG.01.e,AG.01.e, , , 
26_2, , , ,cottage cheese,AG.01.e,AG.01.e.02, , , 
26_3, , , ,low fat milk,AG.01.e,AG.01.e, , , 
26_4, , , ,milks,AG.01.e,AG.01.e, , , 
27,"Yes, the entities pertaining to food are delineated below:  peanut, cow's milk, wheat, soybean, cashew, shrimp, sesame seed, mustard, lupine, egg, hazelnut, fish, celery, tree nuts","Absolutely, the entities are associated as:  peanut - AG.01.h.01.f, cow's milk - AG.01.e, wheat - AG.01.i, soybean - AG.01.h.02.g, cashew - AG.01.h.01.f, shrimp - AG.01.d.07, sesame seed - AG.01, mustard - AG.01.l.03, lupine - AG.01.h.02.g, egg - AG.01.g, hazelnut - AG.01.h.01.f, fish - AG.01.d.07, celery - AG.01.h.02.b, tree nuts - AG.01.h.01.f.","Definitely, the entities are linked in this manner: peanut - AG.01.h.01.f, cow's milk - AG.01.e, wheat - AG.01.i, soybean - AG.01.h.02.g, cashew - AG.01.h.01.f, shrimp - AG.01.d.07, sesame seed - AG.01, mustard - AG.01.l.03, lupine - AG.01.h.02.g, egg - AG.01.g, hazelnut - AG.01.h.01.f.", , , ,0.857,0.714,0.769
27_0, , , ,peanut,AG.01.h.01.f,AG.01.h.01.f, , , 
27_1, , , ,cow's milk,AG.01.e,, , , 
27_2, , , ,wheat,AG.01.i,AG.01.i, , , 
27_3, , , ,soybean,AG.01.h.02.g,AG.01.h.02.g, , , 
27_4, , , ,cashew,AG.01.h.01.f,AG.01.h.01.f, , , 
27_5, , , ,shrimp,AG.01.d.07,AG.01.d.07, , , 
27_6, , , ,sesame seed,AG.01,AG.01, , , 
27_7, , , ,mustard,AG.01.l.03,AG.01.l.03, , , 
27_8, , , ,lupine,AG.01.h.02.g,AG.01.h.02.g, , , 
27_9, , , ,egg,AG.01.g,AG.01.g, , , 
27_10, , , ,hazelnut,AG.01.h.01.f,AG.01.h.01.f, , , 
27_11, , , ,fish,AG.01.d.07,, , , 
27_12, , , ,celery,AG.01.h.02.b,, , , 
27_13, , , ,tree nuts,AG.01.h.01.f,, , , 
28,"Yes, the entities linked to food are listed below:  dairy, meat, cereal grains, fruits, vegetables, milk","Of course, the entities are bonded accordingly:  dairy - AG.01.e, meat - AG.01.d, cereal grains - AG.01.i, fruits - AG.01.h.01, vegetables - AG.01.h.02, milk - AG.01.e.","Certainly, the entities are associated accordingly: dairy - AG.01.e, meat - AG.01.d, cereal grains - AG.01.i, fruits - AG.01.h.01, vegetables - AG.01.h.02, fruit - AG.01.h.01, vegetable - AG.01.h.02.", , , ,1.000,0.833,0.889
28_0, , , ,dairy,AG.01.e,AG.01.e, , , 
28_1, , , ,meat,AG.01.d,AG.01.d, , , 
28_2, , , ,cereal grains,AG.01.i,AG.01.i, , , 
28_3, , , ,fruits,AG.01.h.01,AG.01.h.01, , , 
28_4, , , ,vegetables,AG.01.h.02,AG.01.h.02, , , 
28_5, , , ,milk,AG.01.e,, , , 
29,"Absolutely, the entities associated with food are delineated below:  meat, intake, bacon, pork, chicken, beef, chicken meat","Absolutely, the entities are related thusly:  meat - AG.01.d, intake - X, bacon - AG.01.d.05, pork - AG.01.d.05, chicken - AG.01.d.06, beef - AG.01.d.03, chicken meat - AG.01.d.06.","Definitely, the entities are linked accordingly: bacon - AG.01.d.05, pork - AG.01.d.05, chicken - AG.01.d.06, beef - AG.01.d.03, meat - AG.01.d, casein-based diet - X, bacon-based diets - AG.01.d.05, beef - AG.01.d.03, pork - AG.01.d.05, chicken meat - AG.01.d.05.", , , ,0.762,0.714,0.705
29_0, , , ,meat,AG.01.d,AG.01.d, , , 
29_1, , , ,intake,X,, , , 
29_2, , , ,bacon,AG.01.d.05,AG.01.d.05, , , 
29_3, , , ,pork,AG.01.d.05,AG.01.d.05, , , 
29_4, , , ,chicken,AG.01.d.06,AG.01.d.06, , , 
29_5, , , ,beef,AG.01.d.03,AG.01.d.03, , , 
29_6, , , ,chicken meat,AG.01.d.06,AG.01.d.05, , , 
30,"Definitely, the entities concerning food are delineated below:  nut, consumption, peanut, peanut butter","Of course, the entities are bonded in the following way:  nut - AG.01.h.01.f, consumption - X, peanut - AG.01.h.01.f, peanut butter - AG.01.h.01.f.","Indeed, the entities are connected in this manner: nut - AG.01.h.01.f, consumption - X, peanut butter - AG.01.e.01;AG.01.h.01.f;AG.01.n.11;AG.01.n.18, consumption - X.", , , ,1.000,0.500,0.625
30_0, , , ,nut,AG.01.h.01.f,AG.01.h.01.f, , , 
30_1, , , ,consumption,X,X, , , 
30_2, , , ,peanut,AG.01.h.01.f,, , , 
30_3, , , ,peanut butter,AG.01.h.01.f,AG.01.e.01, , , 
31,"Of course, the entities regarding food are provided as follows:  almonds, bread, parboiled rice, instant mashed potatoes, butter, cheese, nuts","Absolutely, the entities are related in this way:  almonds - AG.01.h.01.f, bread - AG.01.n.11, parboiled rice - AG.01.i, instant mashed potatoes - AG.01.n, butter - AG.01.e.01, cheese - AG.01.e.02, nuts - AG.01.h.01.f.","Indeed, the entities are connected in this manner: bread - AG.01.n.11 [Bread], almonds - AG.01.h.01.f [Nut], rice - AF.20.g [Cereal/corn/grain], instant mashed potatoes - AG.01.n.10 [Soup/pottage], butter - AG.01.e.01 [Butter];AG.01.n [Dishes and prepared food], cheese - AG.01.e.02 [Cheese];AG.01.n.18 [Preserve], almond meal - AG.01.h.01.f [Nut], control bread - AG.01.n.11 [Bread], potato meal - AG.01.n.10 [Soup/pottage];AG.01.n.11 [Bread], potato meals - AG.01.n.10 [Soup/pottage];AG.01.n.11 [Bread], almond meals - AG.01.h.01.f [Nut].", , , ,0.714,0.571,0.619
31_0, , , ,almonds,AG.01.h.01.f,AG.01.h.01.f, , , 
31_1, , , ,bread,AG.01.n.11,AG.01.n.11, , , 
31_2, , , ,parboiled rice,AG.01.i,, , , 
31_3, , , ,instant mashed potatoes,AG.01.n,AG.01.n.10, , , 
31_4, , , ,butter,AG.01.e.01,AG.01.e.01, , , 
31_5, , , ,cheese,AG.01.e.02,AG.01.e.02, , , 
31_6, , , ,nuts,AG.01.h.01.f,, , , 
32,"Definitely, the entities concerning food are delineated below:  vegetables, green tea, spinach, parsley, green onion, chive, sweet pepper, carrot, garlic, spinacia oleracea","Indeed, the entities are connected properly:  vegetables - AG.01.h.02, green tea - AG.01.ac, spinach - AG.01.h.02.c, parsley - AG.01.h.02.i, green onion - AG.01.h.02.e, chive - AG.01.h.02.e, sweet pepper - AG.01.h.02.f, carrot - AG.01.h.02.a, garlic - AG.01.h.02.e, spinacia oleracea - AG.01.h.02.c.","Of course, the entities are bonded correspondingly: vegetables - AG.01.h.02, green tea - AG.01.ac, spinach - AG.01.h.02.c, parsley - AG.01.h.02.i, green onion - AG.01.h.02.e, chive - AG.01.h.02.e, sweet pepper - AG.01.l.03, carrot - AG.01.h.02.a, garlic - AG.01.h.02.e, spinach subspecies - AG.01.h.02.c.", , , ,0.900,0.800,0.833
32_0, , , ,vegetables,AG.01.h.02,AG.01.h.02, , , 
32_1, , , ,green tea,AG.01.ac,AG.01.ac, , , 
32_2, , , ,spinach,AG.01.h.02.c,AG.01.h.02.c, , , 
32_3, , , ,parsley,AG.01.h.02.i,AG.01.h.02.i, , , 
32_4, , , ,green onion,AG.01.h.02.e,AG.01.h.02.e, , , 
32_5, , , ,chive,AG.01.h.02.e,AG.01.h.02.e, , , 
32_6, , , ,sweet pepper,AG.01.h.02.f,AG.01.l.03, , , 
32_7, , , ,carrot,AG.01.h.02.a,AG.01.h.02.a, , , 
32_8, , , ,garlic,AG.01.h.02.e,AG.01.h.02.e, , , 
32_9, , , ,spinacia oleracea,AG.01.h.02.c,, , , 
33,"Indeed, the entities that relate to food are delineated below:  cereal foods, cereal grains, bread, pastries, pasta, whole grain wheat, triticum durum, triticum sativum, triticum aestivum, whole grain products, t. aestivum, wheat flakes, flour, whole grain products of t. durum, couscous, bulgur, wheat bran, whole grain, grain cereals, cereals, cereal products, whole grain wheat and wheat products","Certainly, the entities are being linked:  cereal foods - AG.01.i, cereal grains - AG.01.i, bread - AG.01.n.11, pastries - AG.01.n.15, pasta - AG.01.i, whole grain wheat - AG.01.i, triticum durum - AG.01.i, triticum sativum - AG.01.i, triticum aestivum - AG.01.i, whole grain products - AG.01.i, t. aestivum - AG.01.i, wheat flakes - AG.01.i, flour - AG.01.k, whole grain products of t. durum - AG.01.i, couscous - AG.01.i, bulgur - AG.01.i, wheat bran - AG.01.i, whole grain - AG.01.i, grain cereals - AG.01.i, cereals - AG.01.i, cereal products - AG.01.i, whole grain wheat and wheat products - AG.01.i.","Indeed, the entities are connected in this manner: cereal grains - AG.01.i, wheat - AG.01.i, wheat species - AG.01.i, whole grain wheat - AG.01.i, whole grain cereals - AG.01.i, wheat flakes - AG.01.i, wheat bran - AG.01.i, whole grain - AG.01.i, whole grain wheat - AG.01.i, wheat products - AG.01.n, cereals - AG.01.i, wheat - AG.01.i, wheat products - AG.01.n, wheat and wheat products - AG.01.n.", , , ,0.864,0.273,0.415
33_0, , , ,cereal foods,AG.01.i,, , , 
33_1, , , ,cereal grains,AG.01.i,AG.01.i, , , 
33_2, , , ,bread,AG.01.n.11,, , , 
33_3, , , ,pastries,AG.01.n.15,, , , 
33_4, , , ,pasta,AG.01.i,, , , 
33_5, , , ,whole grain wheat,AG.01.i,AG.01.i, , , 
33_6, , , ,triticum durum,AG.01.i,, , , 
33_7, , , ,triticum sativum,AG.01.i,, , , 
33_8, , , ,triticum aestivum,AG.01.i,, , , 
33_9, , , ,whole grain products,AG.01.i,, , , 
33_10, , , ,t. aestivum,AG.01.i,, , , 
33_11, , , ,wheat flakes,AG.01.i,AG.01.i, , , 
33_12, , , ,flour,AG.01.k,, , , 
33_13, , , ,whole grain products of t. durum,AG.01.i,, , , 
33_14, , , ,couscous,AG.01.i,, , , 
33_15, , , ,bulgur,AG.01.i,, , , 
33_16, , , ,wheat bran,AG.01.i,AG.01.i, , , 
33_17, , , ,whole grain,AG.01.i,AG.01.i, , , 
33_18, , , ,grain cereals,AG.01.i,, , , 
33_19, , , ,cereals,AG.01.i,AG.01.i, , , 
33_20, , , ,cereal products,AG.01.i,, , , 
33_21, , , ,whole grain wheat and wheat products,AG.01.i,, , , 
34,"Indeed, the entities that relate to food are delineated below:  fruits, vegetables, broccoli, calcot, green onion, green cabbage, purple cabbage, black cabbage, cauliflower, cabbage","Absolutely, the entities are related correspondingly:  fruits - AG.01.h.01, vegetables - AG.01.h.02, broccoli - AG.01.h.02.d, calcot - AG.01.h.02.e, green onion - AG.01.h.02.e, green cabbage - AG.01.h.02.d, purple cabbage - AG.01.h.02.d, black cabbage - AG.01.h.02.d, cauliflower - AG.01.h.02.d, cabbage - AG.01.h.02.d.","Indeed, the entities are connected correspondingly: fruits - AG.01.h.01, vegetables - AG.01.h.02, broccoli - AG.01.h.02.d, calcot - AG.01.h.01, Allium cepa L. - AG.01.h.02.e, green onion - AG.01.h.02.e, green cabbage - AG.01.h.02.d, purple cabbage - AG.01.h.02.d, black cabbage - AG.01.h.02.d, cauliflower - AG.01.h.02.d, cabbage - AG.01.h.02.d, vegetables - AG.01.h.02.", , , ,0.950,0.900,0.900
34_0, , , ,fruits,AG.01.h.01,AG.01.h.01, , , 
34_1, , , ,vegetables,AG.01.h.02,AG.01.h.02, , , 
34_2, , , ,broccoli,AG.01.h.02.d,AG.01.h.02.d, , , 
34_3, , , ,calcot,AG.01.h.02.e,AG.01.h.01, , , 
34_4, , , ,green onion,AG.01.h.02.e,AG.01.h.02.e, , , 
34_5, , , ,green cabbage,AG.01.h.02.d,AG.01.h.02.d, , , 
34_6, , , ,purple cabbage,AG.01.h.02.d,AG.01.h.02.d, , , 
34_7, , , ,black cabbage,AG.01.h.02.d,AG.01.h.02.d, , , 
34_8, , , ,cauliflower,AG.01.h.02.d,AG.01.h.02.d, , , 
34_9, , , ,cabbage,AG.01.h.02.d,AG.01.h.02.d, , , 
35,"Definitely, the entities concerning food are detailed below:  vegetables, fruits, pulses, nuts, fish, meat, cereals, olive oil, wine","Indeed, the entities are connected in this manner:  vegetables - AG.01.h.02, fruits - AG.01.h.01, pulses - AG.01.h.02.g, nuts - AG.01.h.01.f, fish - AG.01.d.07, meat - AG.01.d, cereals - AG.01.i, olive oil - AG.01.f, wine - AG.01.y.01.a.","Of course, the entities are bonded properly: vegetables - AG.01.h.02, fruits - AG.01.h.01, pulses - AG.01.h.02.g, nuts - AG.01.h.01.f, fish - AG.01.d.07, meat - AG.01.d, cereals - AG.01.i, olive oil - AG.01.f, wine - AG.01.y.01.a.", , , ,1.000,1.000,1.000
35_0, , , ,vegetables,AG.01.h.02,AG.01.h.02, , , 
35_1, , , ,fruits,AG.01.h.01,AG.01.h.01, , , 
35_2, , , ,pulses,AG.01.h.02.g,AG.01.h.02.g, , , 
35_3, , , ,nuts,AG.01.h.01.f,AG.01.h.01.f, , , 
35_4, , , ,fish,AG.01.d.07,AG.01.d.07, , , 
35_5, , , ,meat,AG.01.d,AG.01.d, , , 
35_6, , , ,cereals,AG.01.i,AG.01.i, , , 
35_7, , , ,olive oil,AG.01.f,AG.01.f, , , 
35_8, , , ,wine,AG.01.y.01.a,AG.01.y.01.a, , , 
36,"Definitely, the entities concerning food are:  mashed potatoes, potatoes, mashed potato, high-fat food, rapeseed oil, high-protein food, chicken breast, salad, fat","Definitely, the entities are joined as:  mashed potatoes - AG.01.n, potatoes - AG.01.h.02.a, mashed potato - AG.01.n, high-fat food - AG.01, rapeseed oil - AG.01.f, high-protein food - AG.01, chicken breast - AG.01.d.06, salad - AG.01.n.09, fat - AG.01.f.","Of course, the entities are bonded suitably: potatoes - AG.01.h.02.a, mashed potatoes - AG.01.n.10, rapeseed oil - AG.01.f, chicken breast - AG.01.d.02, salad - AG.01.h.02.c, mashed potato - AG.01.n.10, mashed potato-containing meals - AG.01.n.10, mashed potato-based meals - AG.01.n.10, mashed potato with chicken breast and rapeseed oil - AG.01.n.10, mashed potato alone - AG.01.n.10, meal - AG.01.n.10, mashed potato-containing meal - AG.01.n.10, mashed potato-based meal - AG.01.n.10.", , , ,0.333,0.222,0.259
36_0, , , ,mashed potatoes,AG.01.n,AG.01.n.10, , , 
36_1, , , ,potatoes,AG.01.h.02.a,AG.01.h.02.a, , , 
36_2, , , ,mashed potato,AG.01.n,AG.01.n.10, , , 
36_3, , , ,high-fat food,AG.01,, , , 
36_4, , , ,rapeseed oil,AG.01.f,AG.01.f, , , 
36_5, , , ,high-protein food,AG.01,, , , 
36_6, , , ,chicken breast,AG.01.d.06,AG.01.d.02, , , 
36_7, , , ,salad,AG.01.n.09,AG.01.h.02.c, , , 
36_8, , , ,fat,AG.01.f,, , , 
37,"Absolutely, the entities that pertain to food are detailed below:  water, consumption, almond, nut, nuts, almonds","Absolutely, the entities are related in this manner:  water - AG.01.z, consumption - X, almond - AG.01.h.01.f, nut - AG.01.h.01.f, nuts - AG.01.h.01.f, almonds - AG.01.h.01.f.","Certainly, the entities are associated in this fashion: almonds - AG.01.h.01.f, nut - AG.01.h.01.f, nuts - AG.01.h.01.f, almonds - AG.01.h.01.f.", , , ,0.667,0.500,0.571
37_0, , , ,water,AG.01.z,, , , 
37_1, , , ,consumption,X,, , , 
37_2, , , ,almond,AG.01.h.01.f,, , , 
37_3, , , ,nut,AG.01.h.01.f,AG.01.h.01.f, , , 
37_4, , , ,nuts,AG.01.h.01.f,AG.01.h.01.f, , , 
37_5, , , ,almonds,AG.01.h.01.f,AG.01.h.01.f, , , 
38,"Of course, the entities associated with food are listed below:  rice, yukihikari, white rice powder, common rice, brewery rice, waxy rice","Certainly, the entities are associated accordingly:  rice - AG.01.i, yukihikari - AG.01.i, white rice powder - AG.01.i, common rice - AG.01.i, brewery rice - AG.01.i, waxy rice - AG.01.i.","Indeed, the entities are connected thusly: rice - AG.01.i, rice powder - AG.01.i, white rice powder - AG.01.i, rice - AG.01.i.", , , ,1.000,0.333,0.500
38_0, , , ,rice,AG.01.i,AG.01.i, , , 
38_1, , , ,yukihikari,AG.01.i,, , , 
38_2, , , ,white rice powder,AG.01.i,AG.01.i, , , 
38_3, , , ,common rice,AG.01.i,, , , 
38_4, , , ,brewery rice,AG.01.i,, , , 
38_5, , , ,waxy rice,AG.01.i,, , , 
39,"Certainly, the entities connected to food are outlined below:  rice, fish, egg white, soya beancurd, chicken","Of course, the entities are bonded in this fashion:  rice - AG.01.i, fish - AG.01.d.07, egg white - AG.01.g, soya beancurd - AG.01.n, chicken - AG.01.d.06.","Indeed, the entities are connected in this manner: rice - AG.01.i, fish - AG.01.d.07, egg white - AG.01.g, soya beancurd - AG.01.n, chicken - AG.01.d.06.", , , ,1.000,1.000,1.000
39_0, , , ,rice,AG.01.i,AG.01.i, , , 
39_1, , , ,fish,AG.01.d.07,AG.01.d.07, , , 
39_2, , , ,egg white,AG.01.g,AG.01.g, , , 
39_3, , , ,soya beancurd,AG.01.n,AG.01.n, , , 
39_4, , , ,chicken,AG.01.d.06,AG.01.d.06, , , 
40,"Of course, the entities regarding food are detailed below:  wine, liquor, beer, alcohol, intake, red wine, white wine","Indeed, the entities are connected appropriately:  wine - AG.01.y.01.a, liquor - AG.01.y.01, beer - AG.01.y.01.b, alcohol - AG.01.y.01, intake - X, red wine - AG.01.y.01.a, white wine - AG.01.y.01.a.","Certainly, the entities are associated in this manner: alcohol - AG.01.y.01, wine - AG.01.y.01.a, liquor - AG.01.y.01, beer - AG.01.y.01.b, red wine - AG.01.y.01.a, white wine - AG.01.y.01.a, types of wine - AG.01.y.01.a.", , , ,0.857,0.857,0.857
40_0, , , ,wine,AG.01.y.01.a,AG.01.y.01.a, , , 
40_1, , , ,liquor,AG.01.y.01,AG.01.y.01, , , 
40_2, , , ,beer,AG.01.y.01.b,AG.01.y.01.b, , , 
40_3, , , ,alcohol,AG.01.y.01,AG.01.y.01, , , 
40_4, , , ,intake,X,, , , 
40_5, , , ,red wine,AG.01.y.01.a,AG.01.y.01.a, , , 
40_6, , , ,white wine,AG.01.y.01.a,AG.01.y.01.a, , , 
41,"Certainly, the entities connected with food are outlined as follows:  milk","Absolutely, the entities are related in the following way:  milk - AG.01.e.","Certainly, the entities are associated in this fashion: milk - AG.01.e.", , , ,1.000,1.000,1.000
41_0, , , ,milk,AG.01.e,AG.01.e, , , 
42,"Indeed, the entities concerning food are delineated below:  alcohol, beverages, beverage, intake, alcoholic beverages, beer, wine, liquor, coffee and cola, tea, coffee","Absolutely, the entities are related accordingly:  alcohol - AG.01.y.01, beverages - AG.01.y, beverage - AG.01.y, intake - X, alcoholic beverages - AG.01.y.01, beer - AG.01.y.01.b, wine - AG.01.y.01.a, liquor - AG.01.y.01, coffee and cola - AG.01.y, tea - AG.01.ac, coffee - AG.01.ad.","Of course, the entities are bonded in this manner: beverages - AG.01.y, alcohol - AG.01.y.01, intake - X, beer - AG.01.y.01.b, wine - AG.01.y.01.a, liquor - AG.01.y.01, coffee - AG.01.ad, tea - AG.01.ac.", , , ,1.000,0.727,0.809
42_0, , , ,alcohol,AG.01.y.01,AG.01.y.01, , , 
42_1, , , ,beverages,AG.01.y,AG.01.y, , , 
42_2, , , ,beverage,AG.01.y,, , , 
42_3, , , ,intake,X,X, , , 
42_4, , , ,alcoholic beverages,AG.01.y.01,, , , 
42_5, , , ,beer,AG.01.y.01.b,AG.01.y.01.b, , , 
42_6, , , ,wine,AG.01.y.01.a,AG.01.y.01.a, , , 
42_7, , , ,liquor,AG.01.y.01,AG.01.y.01, , , 
42_8, , , ,coffee and cola,AG.01.y,, , , 
42_9, , , ,tea,AG.01.ac,AG.01.ac, , , 
42_10, , , ,coffee,AG.01.ad,AG.01.ad, , , 
43,"Sure thing, here are the entities connected to food:  alcohol, consumption, red wine, use, white wine, liquor, beer, alcoholic beverages","Absolutely, the entities are related in this manner:  alcohol - AG.01.y.01, consumption - X, red wine - AG.01.y.01.a, use - X, white wine - AG.01.y.01.a, liquor - AG.01.y.01, beer - AG.01.y.01.b, alcoholic beverages - AG.01.y.01.","Absolutely, the entities are related in this way: alcohol - AG.01.y.01, consumption - X, white wine - AG.01.y.01.a, liquor - AG.01.y.01, beer - AG.01.y.01.b.", , , ,1.000,0.625,0.758
43_0, , , ,alcohol,AG.01.y.01,AG.01.y.01, , , 
43_1, , , ,consumption,X,X, , , 
43_2, , , ,red wine,AG.01.y.01.a,, , , 
43_3, , , ,use,X,, , , 
43_4, , , ,white wine,AG.01.y.01.a,AG.01.y.01.a, , , 
43_5, , , ,liquor,AG.01.y.01,AG.01.y.01, , , 
43_6, , , ,beer,AG.01.y.01.b,AG.01.y.01.b, , , 
43_7, , , ,alcoholic beverages,AG.01.y.01,, , , 
44,"Definitely, the entities relevant to food are detailed below:  canned vegetable, tomato, consumption, tomatoes, tomato products","Indeed, the entities are connected accordingly:  canned vegetable - AG.01.n.09, tomato - AG.01.h.02.f, consumption - X, tomatoes - AG.01.h.02.f, tomato products - AG.01.n.09.","Absolutely, the entities are related in this way: tomatoes - AG.01.h.02.f, tomato - AG.01.h.02.f, tomato products - AG.01.h.02.f, consumption - X, intakes - X.", , , ,0.467,0.600,0.520
44_0, , , ,canned vegetable,AG.01.n.09,, , , 
44_1, , , ,tomato,AG.01.h.02.f,AG.01.h.02.f, , , 
44_2, , , ,consumption,X,X, , , 
44_3, , , ,tomatoes,AG.01.h.02.f,AG.01.h.02.f, , , 
44_4, , , ,tomato products,AG.01.n.09,AG.01.h.02.f, , , 
45,"Definitely, the entities relevant to food are delineated below:  cereal grains, wheat, rice, maize, gluten-free foods, flour, corn, cassava, soybean, pseudocereals, amaranth, quinoa, buckwheat, gluten-free products, grains","Indeed, the entities are connected thusly:  cereal grains - AG.01.i, wheat - AG.01.i, rice - AG.01.i, maize - AG.01.i, gluten-free foods - AG.01, flour - AG.01.k, corn - AG.01.i, cassava - AG.01.h.02.a, soybean - AG.01.h.02.g, pseudocereals - AG.01.i, amaranth - AG.01.i, quinoa - AG.01.i, buckwheat - AG.01.i, gluten-free products - AG.01, grains - AG.01.i.","Certainly, the entities are correlated in this way: cereal grains - AG.01.i, wheat - AG.01.i, rice - AG.01.i, maize - AG.01.i, cereal - AG.01.i, gluten-free foods - AG.01, wheat - AG.01.i, rice - AG.01.i, corn - AG.01.i, cassava - AG.01.i, soybean - AG.01.h.02.g, amaranth - AG.01.i, quinoa - AG.01.i, buckwheat - AG.01.i, pseudocereals - AG.01.i, gluten-free products - AG.01, foods - AG.01, pseudocereal - AG.01.i, cereal processing - AG.01.i, lactic acid bacteria - AG.01, LAB - AG.01, cereal - AG.01.i, pseudocereals - AG.01.i, lactic fermentation - AG.01.", , , ,0.800,0.800,0.800
45_0, , , ,cereal grains,AG.01.i,AG.01.i, , , 
45_1, , , ,wheat,AG.01.i,AG.01.i, , , 
45_2, , , ,rice,AG.01.i,AG.01.i, , , 
45_3, , , ,maize,AG.01.i,AG.01.i, , , 
45_4, , , ,gluten-free foods,AG.01,AG.01, , , 
45_5, , , ,flour,AG.01.k,, , , 
45_6, , , ,corn,AG.01.i,AG.01.i, , , 
45_7, , , ,cassava,AG.01.h.02.a,AG.01.i, , , 
45_8, , , ,soybean,AG.01.h.02.g,AG.01.h.02.g, , , 
45_9, , , ,pseudocereals,AG.01.i,AG.01.i, , , 
45_10, , , ,amaranth,AG.01.i,AG.01.i, , , 
45_11, , , ,quinoa,AG.01.i,AG.01.i, , , 
45_12, , , ,buckwheat,AG.01.i,AG.01.i, , , 
45_13, , , ,gluten-free products,AG.01,AG.01, , , 
45_14, , , ,grains,AG.01.i,, , , 
46,"Indeed, the entities concerning food are detailed below:  discretionary foods, drinks, sugar-sweetened beverages, confectionery, sweet biscuits, discretionary food, fruit, popcorn, ssbs, coffee, tea, milk, consumption","Indeed, the entities are attached as:  discretionary foods - AG.01, drinks - AG.01.y, sugar-sweetened beverages - AG.01.y, confectionery - AG.01.n.17, sweet biscuits - AG.01.n.14, discretionary food - AG.01, fruit - AG.01.h.01, popcorn - AG.01, ssbs - AG.01.y, coffee - AG.01.ad, tea - AG.01.ac, milk - AG.01.e, consumption - X.","Definitely, the entities are linked in this fashion: discretionary foods - AG.01, sugar-sweetened beverages - AG.01.y, confectionery - AG.01.n.17.a, sweet biscuits - AG.01.n.14, fruit - AG.01.h.01, popcorn - AG.01.n.09, serving - X, SSBs - AG.01.y, coffee - AG.01.ad, tea - AG.01.ac, milk - AG.01.e, discretionary food - AG.01.", , , ,0.846,0.692,0.754
46_0, , , ,discretionary foods,AG.01,AG.01, , , 
46_1, , , ,drinks,AG.01.y,, , , 
46_2, , , ,sugar-sweetened beverages,AG.01.y,AG.01.y, , , 
46_3, , , ,confectionery,AG.01.n.17,AG.01.n.17.a, , , 
46_4, , , ,sweet biscuits,AG.01.n.14,AG.01.n.14, , , 
46_5, , , ,discretionary food,AG.01,AG.01, , , 
46_6, , , ,fruit,AG.01.h.01,AG.01.h.01, , , 
46_7, , , ,popcorn,AG.01,AG.01.n.09, , , 
46_8, , , ,ssbs,AG.01.y,AG.01.y, , , 
46_9, , , ,coffee,AG.01.ad,AG.01.ad, , , 
46_10, , , ,tea,AG.01.ac,AG.01.ac, , , 
46_11, , , ,milk,AG.01.e,AG.01.e, , , 
46_12, , , ,consumption,X,, , , 
47,"Yes, the entities pertaining to food are outlined below:  beans, lentils, rice, spaghetti, potato, bread","Indeed, the entities are connected correspondingly:  beans - AG.01.h.02.g, lentils - AG.01.h.02.g, rice - AG.01.i, spaghetti - AG.01.n, potato - AG.01.h.02.a, bread - AG.01.n.11.","Absolutely, the entities are related in this way: starch-rich foods - AG.01.n, meal - AG.01.n, foods - AG.01.n, glucose - AG.01.n, beans - AG.01.h.02.g, lentils - AG.01.h.02.g, rice - AG.01.i, spaghetti - AG.01.n, potato - AG.01.h.02.a, bread - AG.01.n.11, foods taken alone - AG.01.", , , ,1.000,1.000,1.000
47_0, , , ,beans,AG.01.h.02.g,AG.01.h.02.g, , , 
47_1, , , ,lentils,AG.01.h.02.g,AG.01.h.02.g, , , 
47_2, , , ,rice,AG.01.i,AG.01.i, , , 
47_3, , , ,spaghetti,AG.01.n,AG.01.n, , , 
47_4, , , ,potato,AG.01.h.02.a,AG.01.h.02.a, , , 
47_5, , , ,bread,AG.01.n.11,AG.01.n.11, , , 
48,"Definitely, the entities relevant to food are detailed below:  stew, yam, cassava by-product, garri, fufu, lafun, vegetables, grains, sorghum, millet, palm oil based soup, tomatoes, okra, meat","Definitely, the entities are united as:  stew - AG.01.n, yam - AG.01.h.02.a, cassava by-product - AG.01, garri - AG.01.n, fufu - AG.01.n, lafun - AG.01.n, vegetables - AG.01.h.02, grains - AG.01.i, sorghum - AG.01.i, millet - AG.01.i, palm oil based soup - AG.01.n.02, tomatoes - AG.01.h.02.f, okra - AG.01.h.02, meat - AG.01.d.","Indeed, the entities are connected in the following way: staple food - AG.01.n, yam - AG.01.h.02.a, cassava by-product - AG.01.n, garri - AG.01.n, fufu - AG.01.n, lafun - AG.01.n, vegetables - AG.01.h.02, stew - AG.01.n.02, grains - AG.01.i, sorghum - AG.01.i, millet - AG.01.i, palm oil - AG.01.f, tomatoes - AG.01.h.02.f, okra - AG.01.h.02.f, meat - AG.01.d, special occasions - AG.01.", , , ,0.750,0.714,0.714
48_0, , , ,stew,AG.01.n,AG.01.n.02, , , 
48_1, , , ,yam,AG.01.h.02.a,AG.01.h.02.a, , , 
48_2, , , ,cassava by-product,AG.01,AG.01.n, , , 
48_3, , , ,garri,AG.01.n,AG.01.n, , , 
48_4, , , ,fufu,AG.01.n,AG.01.n, , , 
48_5, , , ,lafun,AG.01.n,AG.01.n, , , 
48_6, , , ,vegetables,AG.01.h.02,AG.01.h.02, , , 
48_7, , , ,grains,AG.01.i,AG.01.i, , , 
48_8, , , ,sorghum,AG.01.i,AG.01.i, , , 
48_9, , , ,millet,AG.01.i,AG.01.i, , , 
48_10, , , ,palm oil based soup,AG.01.n.02,, , , 
48_11, , , ,tomatoes,AG.01.h.02.f,AG.01.h.02.f, , , 
48_12, , , ,okra,AG.01.h.02,AG.01.h.02.f, , , 
48_13, , , ,meat,AG.01.d,AG.01.d, , , 
49,"Certainly, the entities connected to food are delineated below:  peanuts, peanut, unrefined peanut oil, unrefined olive oil, oils, oil, olive oil, peanut oil, peanut butter, peanut flour, oil from peanuts","Of course, the entities are bonded thusly:  peanuts - AG.01.h.01.f, peanut - AG.01.h.01.f, unrefined peanut oil - AG.01.f, unrefined olive oil - AG.01.f, oils - AG.01.f, oil - AG.01.f, olive oil - AG.01.f, peanut oil - AG.01.f, peanut butter - AG.01.h.01.f, peanut flour - AG.01.h.01.f, oil from peanuts - AG.01.f.","Definitely, the entities are linked as such: peanuts - AG.01.h.01.f, peanut variety - AG.01.h.01.f, peanut oil - AG.01.f, olive oil - AG.01.f, peanut butter - AG.01.e.01, peanut flour - AG.01.k.", , , ,1.000,0.273,0.428
49_0, , , ,peanuts,AG.01.h.01.f,AG.01.h.01.f, , , 
49_1, , , ,peanut,AG.01.h.01.f,, , , 
49_2, , , ,unrefined peanut oil,AG.01.f,, , , 
49_3, , , ,unrefined olive oil,AG.01.f,, , , 
49_4, , , ,oils,AG.01.f,, , , 
49_5, , , ,oil,AG.01.f,, , , 
49_6, , , ,olive oil,AG.01.f,AG.01.f, , , 
49_7, , , ,peanut oil,AG.01.f,AG.01.f, , , 
49_8, , , ,peanut butter,AG.01.h.01.f,AG.01.e.01, , , 
49_9, , , ,peanut flour,AG.01.h.01.f,AG.01.k, , , 
49_10, , , ,oil from peanuts,AG.01.f,, , , 
50,"Certainly, the entities connected to food are outlined below:  beans, lentils, tea, onions, apples, string beans, broccoli, green pepper, blueberries","Definitely, the entities are linked as:  beans - AG.01.h.02.g, lentils - AG.01.h.02.g, tea - AG.01.ac, onions - AG.01.h.02.e, apples - AG.01.h.01.c, string beans - AG.01.h.02.g, broccoli - AG.01.h.02.d, green pepper - AG.01.h.02.f, blueberries - AG.01.h.01.b.","Indeed, the entities are connected accordingly: dietary flavonols - AG.01, tea - AG.01.ac, onions - AG.01.h.02.e, apples - AG.01.h.01.c, string beans - AG.01.h.02.g, broccoli - AG.01.h.02.d, green pepper - AG.01.l.03, blueberries - AG.01.h.01.b, beans or lentils - AG.01.h.02.g.", , , ,0.889,0.667,0.722
50_0, , , ,beans,AG.01.h.02.g,, , , 
50_1, , , ,lentils,AG.01.h.02.g,, , , 
50_2, , , ,tea,AG.01.ac,AG.01.ac, , , 
50_3, , , ,onions,AG.01.h.02.e,AG.01.h.02.e, , , 
50_4, , , ,apples,AG.01.h.01.c,AG.01.h.01.c, , , 
50_5, , , ,string beans,AG.01.h.02.g,AG.01.h.02.g, , , 
50_6, , , ,broccoli,AG.01.h.02.d,AG.01.h.02.d, , , 
50_7, , , ,green pepper,AG.01.h.02.f,AG.01.l.03, , , 
50_8, , , ,blueberries,AG.01.h.01.b,AG.01.h.01.b, , , 
51,"Certainly, the entities connected to food are delineated below:  momordica balsamina l., wild vegetable, cabbage, lettuce, spinach, m. balsamina, exotic vegetables","Indeed, the entities are united in this way:  momordica balsamina l. - AG.01.h.02, wild vegetable - AG.01.h.02, cabbage - AG.01.h.02.d, lettuce - AG.01.h.02.c, spinach - AG.01.h.02.c, m. balsamina - AG.01.h.02, exotic vegetables - AG.01.h.02.","Indeed, the entities are connected accordingly: leaves - AG.01.h.02.b, Momordica balsamina L. - AG.01.h.02.b, wild vegetable - AG.01.h.02, vegetable - AG.01.h.02, cabbage - AG.01.h.02.d, lettuce - AG.01.h.02.c, spinach - AG.01.h.02.c, exotic vegetables - AG.01.h.02, cereal-based diets - AG.01.", , , ,1.000,0.714,0.810
51_0, , , ,momordica balsamina l.,AG.01.h.02,AG.01.h.02.b, , , 
51_1, , , ,wild vegetable,AG.01.h.02,AG.01.h.02, , , 
51_2, , , ,cabbage,AG.01.h.02.d,AG.01.h.02.d, , , 
51_3, , , ,lettuce,AG.01.h.02.c,AG.01.h.02.c, , , 
51_4, , , ,spinach,AG.01.h.02.c,AG.01.h.02.c, , , 
51_5, , , ,m. balsamina,AG.01.h.02,, , , 
51_6, , , ,exotic vegetables,AG.01.h.02,AG.01.h.02, , , 
52,"Of course, here are the entities related to food:  plant foods, fruit, vegetables, breads, cereals, potatoes, beans, nuts, seeds, olive oil, dairy products, cheese, yogurt, fish, poultry, eggs, red meat, wine","Certainly, the entities are associated properly:  plant foods - AG.01, fruit - AG.01.h.01, vegetables - AG.01.h.02, breads - AG.01.n.11, cereals - AG.01.i, potatoes - AG.01.h.02.a, beans - AG.01.h.02.g, nuts - AG.01.h.01.f, seeds - AG.01, olive oil - AG.01.f, dairy products - AG.01.e, cheese - AG.01.e.02, yogurt - AG.01.e, fish - AG.01.d.07, poultry - AG.01.d.06, eggs - AG.01.g, red meat - AG.01.d, wine - AG.01.y.01.a.","Indeed, the entities are connected in this manner: plant foods - AG.01, fruit - AG.01.h.01, vegetables - AG.01.h.02, breads - AG.01.n.11, other forms of cereals - AG.01.i, potatoes - AG.01.h.02.a, beans - AG.01.h.02.g, nuts - AG.01.h.01.f, seeds - AG.01, fresh fruit - AG.01.h.01, olive oil - AG.01.f, dairy products - AG.01.e, fish - AG.01.d.07, poultry - AG.01.d.06, eggs - AG.01.g, red meat - AG.01.d, wine - AG.01.y.01.a.", , , ,0.889,0.833,0.852
52_0, , , ,plant foods,AG.01,AG.01, , , 
52_1, , , ,fruit,AG.01.h.01,AG.01.h.01, , , 
52_2, , , ,vegetables,AG.01.h.02,AG.01.h.02, , , 
52_3, , , ,breads,AG.01.n.11,AG.01.n.11, , , 
52_4, , , ,cereals,AG.01.i,, , , 
52_5, , , ,potatoes,AG.01.h.02.a,AG.01.h.02.a, , , 
52_6, , , ,beans,AG.01.h.02.g,AG.01.h.02.g, , , 
52_7, , , ,nuts,AG.01.h.01.f,AG.01.h.01.f, , , 
52_8, , , ,seeds,AG.01,AG.01, , , 
52_9, , , ,olive oil,AG.01.f,AG.01.f, , , 
52_10, , , ,dairy products,AG.01.e,AG.01.e, , , 
52_11, , , ,cheese,AG.01.e.02,, , , 
52_12, , , ,yogurt,AG.01.e,, , , 
52_13, , , ,fish,AG.01.d.07,AG.01.d.07, , , 
52_14, , , ,poultry,AG.01.d.06,AG.01.d.06, , , 
52_15, , , ,eggs,AG.01.g,AG.01.g, , , 
52_16, , , ,red meat,AG.01.d,AG.01.d, , , 
52_17, , , ,wine,AG.01.y.01.a,AG.01.y.01.a, , , 
53,"Yes, the entities pertaining to food are outlined below:  milk","Absolutely, the entities are related suitably:  milk - AG.01.e.","Absolutely, the entities are related in this way: milk - AG.01.e, milk drug concentrations - AG.01.e, milk - AG.01.e.", , , ,1.000,1.000,1.000
53_0, , , ,milk,AG.01.e,AG.01.e, , , 
54,"Sure thing, the entities regarding food are delineated below:  olive oil, meat, wine, intake, milk, cheese, fruits, vegetables, nuts, cereals, sourdough bread, pasta, olives, fish","Indeed, the entities are connected accordingly:  olive oil - AG.01.f, meat - AG.01.d, wine - AG.01.y.01.a, intake - X, milk - AG.01.e, cheese - AG.01.e.02, fruits - AG.01.h.01, vegetables - AG.01.h.02, nuts - AG.01.h.01.f, cereals - AG.01.i, sourdough bread - AG.01.n.11, pasta - AG.01.i, olives - AG.01.h.01.e, fish - AG.01.d.07.","Of course, the entities are bonded in this manner: olive oil - AG.01.f, olives - AG.01.h.01.e, milk - AG.01.e, cheese - AG.01.e.02, fish - AG.01.d.07, meat - AG.01.d, wine - AG.01.y.01.a.", , , ,0.500,0.500,0.500
54_0, , , ,olive oil,AG.01.f,AG.01.f, , , 
54_1, , , ,meat,AG.01.d,AG.01.d, , , 
54_2, , , ,wine,AG.01.y.01.a,AG.01.y.01.a, , , 
54_3, , , ,intake,X,, , , 
54_4, , , ,milk,AG.01.e,AG.01.e, , , 
54_5, , , ,cheese,AG.01.e.02,AG.01.e.02, , , 
54_6, , , ,fruits,AG.01.h.01,, , , 
54_7, , , ,vegetables,AG.01.h.02,, , , 
54_8, , , ,nuts,AG.01.h.01.f,, , , 
54_9, , , ,cereals,AG.01.i,, , , 
54_10, , , ,sourdough bread,AG.01.n.11,, , , 
54_11, , , ,pasta,AG.01.i,, , , 
54_12, , , ,olives,AG.01.h.01.e,AG.01.h.01.e, , , 
54_13, , , ,fish,AG.01.d.07,AG.01.d.07, , , 
55,"Of course, here are the entities related to food:  whole grains, fruits, vegetables, fruit, berries, citrus fruit, green leafy, light yogurt, skim milk, wine, extra virgin olive oil, fish, white meat, legumes, eggs, seasoned cheeses, red or processed meats, salt, sugar","Indeed, the connection of the entities is:  whole grains - AG.01.i, fruits - AG.01.h.01, vegetables - AG.01.h.02, fruit - AG.01.h.01, berries - AG.01.h.01.b, citrus fruit - AG.01.h.01.a, green leafy - AG.01.h.02.c, light yogurt - AG.01.e, skim milk - AG.01.e, wine - AG.01.y.01.a, extra virgin olive oil - AG.01.f, fish - AG.01.d.07, white meat - AG.01.d.06, legumes - AG.01.h.02.g, eggs - AG.01.g, seasoned cheeses - AG.01.e.02, red or processed meats - AG.01.d, salt - AG.01.l.01, sugar - AG.01.l.02.","Definitely, the entities are linked appropriately: whole grains - AG.01.i, gluten free - AG.01, fruits - AG.01.h.01, vegetables - AG.01.h.02, fruit - AG.01.h.01, berries - AG.01.h.01.b, citrus fruit - AG.01.h.01.a, green leafy ones - AG.01.h.02.c, light yogurt - AG.01.e, skim milk - AG.01.e, wine - AG.01.y.01.a, extra virgin olive oil - AG.01.f, fish - AG.01.d.07, white meat - AG.01.d, legumes - AG.01.h.02.g, eggs - AG.01.g, seasoned cheeses - AG.01.e.02, red or processed meats - AG.01.d.", , , ,0.763,0.789,0.772
55_0, , , ,whole grains,AG.01.i,AG.01.i, , , 
55_1, , , ,fruits,AG.01.h.01,AG.01.h.01, , , 
55_2, , , ,vegetables,AG.01.h.02,AG.01.h.02, , , 
55_3, , , ,fruit,AG.01.h.01,AG.01.h.01, , , 
55_4, , , ,berries,AG.01.h.01.b,AG.01.h.01.b, , , 
55_5, , , ,citrus fruit,AG.01.h.01.a,AG.01.h.01.a, , , 
55_6, , , ,green leafy,AG.01.h.02.c,, , , 
55_7, , , ,light yogurt,AG.01.e,AG.01.e, , , 
55_8, , , ,skim milk,AG.01.e,AG.01.e, , , 
55_9, , , ,wine,AG.01.y.01.a,AG.01.y.01.a, , , 
55_10, , , ,extra virgin olive oil,AG.01.f,AG.01.f, , , 
55_11, , , ,fish,AG.01.d.07,AG.01.d.07, , , 
55_12, , , ,white meat,AG.01.d.06,AG.01.d, , , 
55_13, , , ,legumes,AG.01.h.02.g,AG.01.h.02.g, , , 
55_14, , , ,eggs,AG.01.g,AG.01.g, , , 
55_15, , , ,seasoned cheeses,AG.01.e.02,AG.01.e.02, , , 
55_16, , , ,red or processed meats,AG.01.d,AG.01.d, , , 
55_17, , , ,salt,AG.01.l.01,, , , 
55_18, , , ,sugar,AG.01.l.02,, , , 
56,"Absolutely, the entities associated with food are delineated below:  salt, green beans, pasta, butter, snacks, fruit pur<U+00E9>e, added sugar, added fat, fat, sugar, vegetables","Absolutely, the entities are connected in this way:  salt - AG.01.l.01, green beans - AG.01.h.02.g, pasta - AG.01.i, butter - AG.01.e.01, snacks - AG.01, fruit pur<U+00E9>e - AG.01.n.08, added sugar - AG.01.l.02, added fat - AG.01.f, fat - AG.01.f, sugar - AG.01.l.02, vegetables - AG.01.h.02.","Of course, the entities are tied in this way: food - AG.01, intake - X, salt - AG.01.l.01, fat - AG.01.f, sugar - AG.01.l.02, contents - X, green beans - AG.01.h.02.g, pasta - AG.01.i, butter - AG.01.e.01, fruit pur - AG.01.h, sugar level - AG.01.l.02, foods - AG.01, vegetables - AG.01.h.02.", , , ,0.818,0.636,0.697
56_0, , , ,salt,AG.01.l.01,AG.01.l.01, , , 
56_1, , , ,green beans,AG.01.h.02.g,AG.01.h.02.g, , , 
56_2, , , ,pasta,AG.01.i,AG.01.i, , , 
56_3, , , ,butter,AG.01.e.01,AG.01.e.01, , , 
56_4, , , ,snacks,AG.01,, , , 
56_5, , , ,fruit pur<u+00e9>e,AG.01.n.08,, , , 
56_6, , , ,added sugar,AG.01.l.02,, , , 
56_7, , , ,added fat,AG.01.f,, , , 
56_8, , , ,fat,AG.01.f,AG.01.f, , , 
56_9, , , ,sugar,AG.01.l.02,AG.01.l.02, , , 
56_10, , , ,vegetables,AG.01.h.02,AG.01.h.02, , , 
57,"Yes, the entities related to food are outlined below:  milk, egg, egg white, egg yolk","Of course, the entities are bonded correspondingly:  milk - AG.01.e, egg - AG.01.g, egg white - AG.01.g, egg yolk - AG.01.g.","Of course, the entities are bonded in this fashion: cow's milk - AG.01.e, whole hen's egg - AG.01.g, egg white - AG.01.g, egg yolk - AG.01.g, fresh egg - AG.01.g, milk - AG.01.e, egg - AG.01.g, egg/milk - AG.01.e, egg yolk and milk - AG.01.e, egg/milk mixture - AG.01.e.", , , ,1.000,1.000,1.000
57_0, , , ,milk,AG.01.e,AG.01.e, , , 
57_1, , , ,egg,AG.01.g,AG.01.g, , , 
57_2, , , ,egg white,AG.01.g,AG.01.g, , , 
57_3, , , ,egg yolk,AG.01.g,AG.01.g, , , 
58,"Definitely, the entities concerning food are detailed below:  meat, fowl, seafood, fruits, vegetables, whole grains, nuts, soy products","Indeed, the entities are connected thusly:  meat - AG.01.d, fowl - AG.01.d.06, seafood - AG.01.d.07, fruits - AG.01.h.01, vegetables - AG.01.h.02, whole grains - AG.01.i, nuts - AG.01.h.01.f, soy products - AG.01.n.","Definitely, the entities are linked in the following way: meat - AG.01.d, fowl - AG.01.d.06, seafood - AG.01.d.07, products -, fruits - AG.01.h.01, vegetables - AG.01.h.02, whole grains - AG.01.i, nuts - AG.01.h.01.f, soy products - AG.01.n, phytochemicals -.", , , ,1.000,1.000,1.000
58_0, , , ,meat,AG.01.d,AG.01.d, , , 
58_1, , , ,fowl,AG.01.d.06,AG.01.d.06, , , 
58_2, , , ,seafood,AG.01.d.07,AG.01.d.07, , , 
58_3, , , ,fruits,AG.01.h.01,AG.01.h.01, , , 
58_4, , , ,vegetables,AG.01.h.02,AG.01.h.02, , , 
58_5, , , ,whole grains,AG.01.i,AG.01.i, , , 
58_6, , , ,nuts,AG.01.h.01.f,AG.01.h.01.f, , , 
58_7, , , ,soy products,AG.01.n,AG.01.n, , , 
59,"Yes, the entities related to food are outlined below:  wine, white or red wine, red wine, white wine","Indeed, the entities are connected suitably:  wine - AG.01.y.01.a, white or red wine - AG.01.y.01.a, red wine - AG.01.y.01.a, white wine - AG.01.y.01.a.","Certainly, the entities are associated properly: wine - AG.01.y.01.a, white wine - AG.01.y.01.a, red wine - AG.01.y.01.a, ethanol - AG.01.y.01.a, white wines - AG.01.y.01.a, red wine - AG.01.y.01.a.", , , ,1.000,0.750,0.857
59_0, , , ,wine,AG.01.y.01.a,AG.01.y.01.a, , , 
59_1, , , ,white or red wine,AG.01.y.01.a,, , , 
59_2, , , ,red wine,AG.01.y.01.a,AG.01.y.01.a, , , 
59_3, , , ,white wine,AG.01.y.01.a,AG.01.y.01.a, , , 
60,"Indeed, the entities concerning food are outlined below:  fish, consumption, milk, mineral water","Of course, the entities are bonded as such:  fish - AG.01.d.07, consumption - X, milk - AG.01.e, mineral water - AG.01.z.","Certainly, the entities are associated as such: fish - AG.01.d.07, milk - AG.01.e, mineral water - AG.01.z.", , , ,0.750,0.750,0.750
60_0, , , ,fish,AG.01.d.07,AG.01.d.07, , , 
60_1, , , ,consumption,X,, , , 
60_2, , , ,milk,AG.01.e,AG.01.e, , , 
60_3, , , ,mineral water,AG.01.z,AG.01.z, , , 
61,"Definitely, the entities relevant to food are detailed below:  spice, ginger","Absolutely, the entities are associated as:  spice - AG.01.l.03, ginger - AG.01.l.03.","Of course, the entities are bonded correspondingly: ginger - AG.01.l.03, cooking spice - AG.01.l.03, gingerols - AG.01.l.03, ginger - AG.01.l.03.", , , ,1.000,0.500,0.667
61_0, , , ,spice,AG.01.l.03,, , , 
61_1, , , ,ginger,AG.01.l.03,AG.01.l.03, , , 
62,"Sure thing, the entities regarding food are outlined below:  cacao, chocolate, cacao beans, maize, tlacoxochitl, calliandra anomala, chocolate paste, cacao bark, oil, cacao butter","Certainly, the entities are associated in this fashion:  cacao - AG.01, chocolate - AG.01.n.17.a, cacao beans - AG.01, maize - AG.01.i, tlacoxochitl - AG.01.h.02.i, calliandra anomala - AG.01.h.02.i, chocolate paste - AG.01.n.17.a, cacao bark - AG.01, oil - AG.01.f, cacao butter - AG.01.","Definitely, the entities are linked in the following way: cacao - AG.01, chocolate - AG.01.n.17.a, cacao beans - AG.01, maize - AG.01.i, flowers - AG.01, cacao bark - AG.01, oil - AG.01.f, leaves - AG.01.h.01.", , , ,0.800,0.600,0.676
62_0, , , ,cacao,AG.01,AG.01, , , 
62_1, , , ,chocolate,AG.01.n.17.a,AG.01.n.17.a, , , 
62_2, , , ,cacao beans,AG.01,AG.01, , , 
62_3, , , ,maize,AG.01.i,AG.01.i, , , 
62_4, , , ,tlacoxochitl,AG.01.h.02.i,, , , 
62_5, , , ,calliandra anomala,AG.01.h.02.i,, , , 
62_6, , , ,chocolate paste,AG.01.n.17.a,, , , 
62_7, , , ,cacao bark,AG.01,AG.01, , , 
62_8, , , ,oil,AG.01.f,AG.01.f, , , 
62_9, , , ,cacao butter,AG.01,, , , 
63,"Definitely, the entities concerning food are outlined as follows:  camel milk, bovine milk","Indeed, the entities are connected in this fashion:  camel milk - AG.01.e, bovine milk - AG.01.e.","Indeed, the entities are connected in this manner: camel milk - AG.01.e, bovine milk - AG.01.e.", , , ,1.000,1.000,1.000
63_0, , , ,camel milk,AG.01.e,AG.01.e, , , 
63_1, , , ,bovine milk,AG.01.e,AG.01.e, , , 
64,"Indeed, the entities that relate to food are delineated below:  milk, soup, grain, meat, potato, baked dessert, oil, sugar","Absolutely, the entities are related correspondingly:  milk - AG.01.e, soup - AG.01.n.02, grain - AG.01.i, meat - AG.01.d, potato - AG.01.h.02.a, baked dessert - AG.01.n, oil - AG.01.f, sugar - AG.01.l.02.","Of course, the entities are bonded thusly: milk - AG.01.e, soup - AG.01.n.02, meat - AG.01.d, potato - AG.01.h.02.a, baked dessert - AG.01.n.15, oil - AG.01.f, sugar - AG.01.l.02.", , , ,0.750,0.750,0.750
64_0, , , ,milk,AG.01.e,AG.01.e, , , 
64_1, , , ,soup,AG.01.n.02,AG.01.n.02, , , 
64_2, , , ,grain,AG.01.i,, , , 
64_3, , , ,meat,AG.01.d,AG.01.d, , , 
64_4, , , ,potato,AG.01.h.02.a,AG.01.h.02.a, , , 
64_5, , , ,baked dessert,AG.01.n,AG.01.n.15, , , 
64_6, , , ,oil,AG.01.f,AG.01.f, , , 
64_7, , , ,sugar,AG.01.l.02,AG.01.l.02, , , 
65,"Of course, the entities regarding food are detailed below:  milk, meat, grains, vegetable","Of course, the entities are connected as:  milk - AG.01.e, meat - AG.01.d, grains - AG.01.i, vegetable - AG.01.h.02.","Absolutely, the entities are related suitably: milk - AG.01.e, meat - AG.01.d, grains - AG.01.i, vegetable groups - AG.01.h.02, grains - AG.01.i.", , , ,0.750,0.750,0.750
65_0, , , ,milk,AG.01.e,AG.01.e, , , 
65_1, , , ,meat,AG.01.d,AG.01.d, , , 
65_2, , , ,grains,AG.01.i,AG.01.i, , , 
65_3, , , ,vegetable,AG.01.h.02,, , , 
66,"Of course, the entities associated with food are outlined below:  barley grain, soybean oil, milk","Indeed, the connection of the entities is:  barley grain - AG.01.i, soybean oil - AG.01.f, milk - AG.01.e.","Of course, the entities are bonded accordingly: lemon leaves - AG.01.h.01.a, rice straw - AG.01.i, barley grain - AG.01.i, soybean oil - AG.01.f, mixed ration - AG.01, milk - AG.01.e.", , , ,1.000,1.000,1.000
66_0, , , ,barley grain,AG.01.i,AG.01.i, , , 
66_1, , , ,soybean oil,AG.01.f,AG.01.f, , , 
66_2, , , ,milk,AG.01.e,AG.01.e, , , 
67,"Yes, the entities pertaining to food are outlined below:  olive oil, salad vegetables, legumes, sweet bakery items, margarine, tea, salad, vegetables, meats, fatty foods, fruits","Absolutely, the entities are associated as:  olive oil - AG.01.f, salad vegetables - AG.01.h.02, legumes - AG.01.h.02.g, sweet bakery items - AG.01.n.17.a, margarine - AG.01.f, tea - AG.01.ac, salad - AG.01.h.02, vegetables - AG.01.h.02, meats - AG.01.d, fatty foods - AG.01, fruits - AG.01.h.01.","Of course, the entities are bonded in this manner: olive oil - AG.01.f, salad vegetables - AG.01.h.02, legumes - AG.01.h.02.g, sweet bakery items - AG.01.n.11, margarine - AG.01.f, tea - AG.01.ac, salad - AG.01.h.02.c, cooked vegetables - AG.01.t.07, meats - AG.01.d, fatty foods - AG.01, fruits - AG.01.h.01.", , , ,0.909,0.727,0.773
67_0, , , ,olive oil,AG.01.f,AG.01.f, , , 
67_1, , , ,salad vegetables,AG.01.h.02,AG.01.h.02, , , 
67_2, , , ,legumes,AG.01.h.02.g,AG.01.h.02.g, , , 
67_3, , , ,sweet bakery items,AG.01.n.17.a,AG.01.n.11, , , 
67_4, , , ,margarine,AG.01.f,AG.01.f, , , 
67_5, , , ,tea,AG.01.ac,AG.01.ac, , , 
67_6, , , ,salad,AG.01.h.02,AG.01.h.02.c, , , 
67_7, , , ,vegetables,AG.01.h.02,, , , 
67_8, , , ,meats,AG.01.d,AG.01.d, , , 
67_9, , , ,fatty foods,AG.01,AG.01, , , 
67_10, , , ,fruits,AG.01.h.01,AG.01.h.01, , , 
68,"Indeed, the entities that relate to food are detailed below:  milk","Absolutely, the entities are related accordingly:  milk - AG.01.e.","Indeed, the entities are connected accordingly: milk - http://purl.bioontology.org/ontology/SNOMEDCT/70813002.", , , ,0.000,0.000,0.000
68_0, , , ,milk,AG.01.e,http, , , 
69,"Certainly, the entities connected with food are as follows:  carrot, carrots, celery, olive, celeriac","Certainly, the entities are being linked:  carrot - AG.01.h.02.a, carrots - AG.01.h.02.a, celery - AG.01.h.02.a, olive - AG.01.h.01.e, celeriac - AG.01.h.02.a.","Of course, the entities are bonded as such: raw carrot - AG.01.h.02.a, carrot - AG.01.h.02.a, carrots - AG.01.h.02.a, cooked carrots - AG.01.h.02.a, olive - AG.01.h.01.e, celery - AG.01.h.02.b, celeriac - AG.01.h.02.b, carrot and celery - AG.01.h.02.a, olive pollen - AG.01, grass pollens - AG.01, spices - AG.01.l.", , , ,1.000,0.600,0.733
69_0, , , ,carrot,AG.01.h.02.a,AG.01.h.02.a, , , 
69_1, , , ,carrots,AG.01.h.02.a,AG.01.h.02.a, , , 
69_2, , , ,celery,AG.01.h.02.a,AG.01.h.02.b, , , 
69_3, , , ,olive,AG.01.h.01.e,AG.01.h.01.e, , , 
69_4, , , ,celeriac,AG.01.h.02.a,AG.01.h.02.b, , , 
70,"Yes, the entities pertaining to food are outlined below:  bitter melon, momordica charantia, fenugreek, trigonella foenum graecum, gymnema sylvestre, ivy gourd, coccinia indica, nopal or prickly pear cactus, opuntia streptacantha, ginseng, aloe vera, russian tarragon, artemisia dracunculus, garlic, allium sativum, herb","Certainly, the entities are associated as such:  bitter melon - AG.01.h.02.i, momordica charantia - AG.01.h.02.i, fenugreek - AG.01.l.03, trigonella foenum graecum - AG.01.l.03, gymnema sylvestre - AG.01.h.02.i, ivy gourd - AG.01.h.02.i, coccinia indica - AG.01.h.02.i, nopal or prickly pear cactus - AG.01, opuntia streptacantha - AG.01, ginseng - AG.01.h.02.i, aloe vera - AG.01, russian tarragon - AG.01.h.02.i, artemisia dracunculus - AG.01.h.02.i, garlic - AG.01.h.02.e, allium sativum - AG.01.h.02.e, herb - AG.01.h.02.i.","Certainly, the entities are associated in the following way: botanical products - AG.01, botanicals - AG.01, garlic - AG.01.h.02.e, allium sativum - AG.01.h.02.e.", , , ,0.125,0.125,0.125
70_0, , , ,bitter melon,AG.01.h.02.i,, , , 
70_1, , , ,momordica charantia,AG.01.h.02.i,, , , 
70_2, , , ,fenugreek,AG.01.l.03,, , , 
70_3, , , ,trigonella foenum graecum,AG.01.l.03,, , , 
70_4, , , ,gymnema sylvestre,AG.01.h.02.i,, , , 
70_5, , , ,ivy gourd,AG.01.h.02.i,, , , 
70_6, , , ,coccinia indica,AG.01.h.02.i,, , , 
70_7, , , ,nopal or prickly pear cactus,AG.01,, , , 
70_8, , , ,opuntia streptacantha,AG.01,, , , 
70_9, , , ,ginseng,AG.01.h.02.i,, , , 
70_10, , , ,aloe vera,AG.01,, , , 
70_11, , , ,russian tarragon,AG.01.h.02.i,, , , 
70_12, , , ,artemisia dracunculus,AG.01.h.02.i,, , , 
70_13, , , ,garlic,AG.01.h.02.e,AG.01.h.02.e, , , 
70_14, , , ,allium sativum,AG.01.h.02.e,AG.01.h.02.e, , , 
70_15, , , ,herb,AG.01.h.02.i,, , , 
71,"Indeed, the entities concerning food are as follows:  wheat, corn, tomato, peanut, kidney bean, banana, pea, lentil, soybean, mushroom, rice, potato","Certainly, the entities are associated suitably:  wheat - AG.01.i, corn - AG.01.i, tomato - AG.01.h.02.f, peanut - AG.01.h.01.f, kidney bean - AG.01.h.02.g, banana - AG.01.h.01, pea - AG.01.h.02.g, lentil - AG.01.h.02.g, soybean - AG.01.h.02.g, mushroom - AG.01.h.02.h, rice - AG.01.i, potato - AG.01.h.02.a.","Indeed, the entities are connected in the following way: wheat - AG.01.i, corn - AG.01.i, tomato - AG.01.h.02.f, peanut - AG.01.h.01.f, kidney bean - AG.01.h.02.g, banana - AG.01.h.01, pea - AG.01.h.02.g, lentil - AG.01.h.02.g, soybean - AG.01.h.02.g, mushroom - AG.01.h.02.h, rice - AG.01.i, potato - AG.01.h.02.a.", , , ,1.000,1.000,1.000
71_0, , , ,wheat,AG.01.i,AG.01.i, , , 
71_1, , , ,corn,AG.01.i,AG.01.i, , , 
71_2, , , ,tomato,AG.01.h.02.f,AG.01.h.02.f, , , 
71_3, , , ,peanut,AG.01.h.01.f,AG.01.h.01.f, , , 
71_4, , , ,kidney bean,AG.01.h.02.g,AG.01.h.02.g, , , 
71_5, , , ,banana,AG.01.h.01,AG.01.h.01, , , 
71_6, , , ,pea,AG.01.h.02.g,AG.01.h.02.g, , , 
71_7, , , ,lentil,AG.01.h.02.g,AG.01.h.02.g, , , 
71_8, , , ,soybean,AG.01.h.02.g,AG.01.h.02.g, , , 
71_9, , , ,mushroom,AG.01.h.02.h,AG.01.h.02.h, , , 
71_10, , , ,rice,AG.01.i,AG.01.i, , , 
71_11, , , ,potato,AG.01.h.02.a,AG.01.h.02.a, , , 
72,"Sure thing, the entities regarding food are detailed below:  meats, caribou, polar bear, seal, char, whale, beef, pork, chicken, grains, dairy, fruits, vegetables, butter, chocolate, chips, candy, pop","Absolutely, the linking of the entities is:  meats - AG.01.d, caribou - AG.01.d, polar bear - AG.01.d, seal - AG.01.d, char - AG.01.d.07, whale - AG.01.d, beef - AG.01.d.03, pork - AG.01.d.05, chicken - AG.01.d.06, grains - AG.01.i, dairy - AG.01.e, fruits - AG.01.h.01, vegetables - AG.01.h.02, butter - AG.01.e.01, chocolate - AG.01.n.17.a, chips - AG.01.n, candy - AG.01.n.17.a, pop - AG.01.","Absolutely, the entities are related in the following way: caribou - AG.01.d.06, polar bear - AG.01.d.06, seal - AG.01.d.06, char - AG.01.n.07, whale - AG.01.d.06, beef - AG.01.d.03, pork - AG.01.d.05, chicken - AG.01.d.06, grains - AG.01.i, dairy - AG.01.e, fruits - AG.01.h.01, vegetables - AG.01.h.02, butter - AG.01.e.01, chocolate - AG.01.n.17.a, chips - AG.01.n.09, candy - AG.01.n.17.a, pop - AG.01.y.", , , ,0.511,0.556,0.519
72_0, , , ,meats,AG.01.d,, , , 
72_1, , , ,caribou,AG.01.d,AG.01.d.06, , , 
72_2, , , ,polar bear,AG.01.d,AG.01.d.06, , , 
72_3, , , ,seal,AG.01.d,AG.01.d.06, , , 
72_4, , , ,char,AG.01.d.07,AG.01.n.07, , , 
72_5, , , ,whale,AG.01.d,AG.01.d.06, , , 
72_6, , , ,beef,AG.01.d.03,AG.01.d.03, , , 
72_7, , , ,pork,AG.01.d.05,AG.01.d.05, , , 
72_8, , , ,chicken,AG.01.d.06,AG.01.d.06, , , 
72_9, , , ,grains,AG.01.i,AG.01.i, , , 
72_10, , , ,dairy,AG.01.e,AG.01.e, , , 
72_11, , , ,fruits,AG.01.h.01,AG.01.h.01, , , 
72_12, , , ,vegetables,AG.01.h.02,AG.01.h.02, , , 
72_13, , , ,butter,AG.01.e.01,AG.01.e.01, , , 
72_14, , , ,chocolate,AG.01.n.17.a,AG.01.n.17.a, , , 
72_15, , , ,chips,AG.01.n,AG.01.n.09, , , 
72_16, , , ,candy,AG.01.n.17.a,AG.01.n.17.a, , , 
72_17, , , ,pop,AG.01,AG.01.y, , , 
73,"Absolutely, the entities that pertain to food are:  vegetables, rosemary","Absolutely, the entities have been linked as follows:  vegetables - AG.01.h.02, rosemary - AG.01.h.02.i.","Definitely, the entities are linked appropriately: vegetables - AG.01.h.02, rosemary - AG.01.h.02.i, rosemary extract - AG.01.h.02.i, carnosol - AG.01.h.02.i, carnosic acid - AG.01.h.02.i, ursolic acid - AG.01.h.02.i, rosmarinic acid - AG.01.h.02.i.", , , ,1.000,1.000,1.000
73_0, , , ,vegetables,AG.01.h.02,AG.01.h.02, , , 
73_1, , , ,rosemary,AG.01.h.02.i,AG.01.h.02.i, , , 
74,"Indeed, the entities that relate to food are delineated below:  fruit, vegetables, tomatoes, olive oil, broccoli, garlic, onions, berries, soy bean, honey, tea, aloe vera, grapes, rosemary, basil, chili peppers, carrots, pomegranate, curcuma","Of course, the entities are bonded correspondingly:  fruit - AG.01.h.01, vegetables - AG.01.h.02, tomatoes - AG.01.h.02.f, olive oil - AG.01.f, broccoli - AG.01.h.02.d, garlic - AG.01.h.02.e, onions - AG.01.h.02.e, berries - AG.01.h.01.b, soy bean - AG.01.h.02.g, honey - AG.01.l.02, tea - AG.01.ac, aloe vera - AG.01, grapes - AG.01.h.01.b, rosemary - AG.01.h.02.i, basil - AG.01.l.03, chili peppers - AG.01.h.02.f, carrots - AG.01.h.02.a, pomegranate - AG.01.h.01, curcuma - AG.01.l.03.","Certainly, the entities are associated as such: fruit - AG.01.h.01, vegetables - AG.01.h.02, tomatoes - AG.01.h.02.f, olive oil - AG.01.f, broccoli - AG.01.h.02.d, garlic - AG.01.h.02.e, onions - AG.01.h.02.e, berries - AG.01.h.01.b, soy bean - AG.01.h.02.g, honey - AG.01.l.02, tea - AG.01.ac, aloe vera - AG.01.l.02, grapes - AG.01.h.01.b, rosemary - AG.01.h.02.i, basil - AG.01.h.02.i, chili peppers - AG.01.l.03, carrots - AG.01.h.02.a, pomegranate - AG.01.h.01, curcuma - AG.01.l.02.", , , ,0.781,0.789,0.763
74_0, , , ,fruit,AG.01.h.01,AG.01.h.01, , , 
74_1, , , ,vegetables,AG.01.h.02,AG.01.h.02, , , 
74_2, , , ,tomatoes,AG.01.h.02.f,AG.01.h.02.f, , , 
74_3, , , ,olive oil,AG.01.f,AG.01.f, , , 
74_4, , , ,broccoli,AG.01.h.02.d,AG.01.h.02.d, , , 
74_5, , , ,garlic,AG.01.h.02.e,AG.01.h.02.e, , , 
74_6, , , ,onions,AG.01.h.02.e,AG.01.h.02.e, , , 
74_7, , , ,berries,AG.01.h.01.b,AG.01.h.01.b, , , 
74_8, , , ,soy bean,AG.01.h.02.g,AG.01.h.02.g, , , 
74_9, , , ,honey,AG.01.l.02,AG.01.l.02, , , 
74_10, , , ,tea,AG.01.ac,AG.01.ac, , , 
74_11, , , ,aloe vera,AG.01,AG.01.l.02, , , 
74_12, , , ,grapes,AG.01.h.01.b,AG.01.h.01.b, , , 
74_13, , , ,rosemary,AG.01.h.02.i,AG.01.h.02.i, , , 
74_14, , , ,basil,AG.01.l.03,AG.01.h.02.i, , , 
74_15, , , ,chili peppers,AG.01.h.02.f,AG.01.l.03, , , 
74_16, , , ,carrots,AG.01.h.02.a,AG.01.h.02.a, , , 
74_17, , , ,pomegranate,AG.01.h.01,AG.01.h.01, , , 
74_18, , , ,curcuma,AG.01.l.03,AG.01.l.02, , , 
75,"Certainly, the entities concerning food are listed as follows:  consumption, fruit, juice, fruit juice, fruits, raspberry, mango","Certainly, the entities are associated as such:  consumption - X, fruit - AG.01.h.01, juice - AG.01.ab, fruit juice - AG.01.ab, fruits - AG.01.h.01, raspberry - AG.01.h.01.b, mango - AG.01.h.01.e.","Absolutely, the entities are related in this way: fruit - AG.01.h.01, juice - AG.01.ab, fruit juice - AG.01.ab, fruit whole - AG.01.h.01, seeded fruits - AG.01.h.01, raspberry/mango - AG.01.h.01.", , , ,0.429,0.429,0.429
75_0, , , ,consumption,X,, , , 
75_1, , , ,fruit,AG.01.h.01,AG.01.h.01, , , 
75_2, , , ,juice,AG.01.ab,AG.01.ab, , , 
75_3, , , ,fruit juice,AG.01.ab,AG.01.ab, , , 
75_4, , , ,fruits,AG.01.h.01,, , , 
75_5, , , ,raspberry,AG.01.h.01.b,, , , 
75_6, , , ,mango,AG.01.h.01.e,AG.01.h.01, , , 
76,"Sure thing, the entities regarding food are outlined below:  milk, consumption, whole milk, 2% milk, reduced-fat milk, milk fat, intake","Definitely, the entities are linked properly:  milk - AG.01.e, consumption - X, whole milk - AG.01.e, 2% milk - AG.01.e, reduced-fat milk - AG.01.e, milk fat - AG.01.e, intake - X.","Of course, the entities are bonded thusly: whole milk - AG.01.e, milk - AG.01.e, 2 % milk - AG.01.e, reduced-fat milk - AG.01.e, milk fat intake - AG.01.e, milk fat - AG.01.e.", , , ,0.714,0.571,0.635
76_0, , , ,milk,AG.01.e,AG.01.e, , , 
76_1, , , ,consumption,X,, , , 
76_2, , , ,whole milk,AG.01.e,AG.01.e, , , 
76_3, , , ,2% milk,AG.01.e,, , , 
76_4, , , ,reduced-fat milk,AG.01.e,AG.01.e, , , 
76_5, , , ,milk fat,AG.01.e,AG.01.e, , , 
76_6, , , ,intake,X,, , , 
77,"Sure thing, the entities regarding food are listed as follows:  avocado, fruit, chestnut, banana, kiwi, walnut, fruits","Indeed, the entities are connected in this manner:  avocado - AG.01.h.01.e, fruit - AG.01.h.01, chestnut - AG.01.h.01.f, banana - AG.01.h.01, kiwi - AG.01.h.01, walnut - AG.01.h.01.f, fruits - AG.01.h.01.","Absolutely, the entities are related accordingly: avocado - AG.01.h.01.e, latex - AF.10.f, chestnut - AG.01.h.01.f, banana - AG.01.h.01, kiwi - AG.01.h.01, walnut - AG.01.h.01.f.", , , ,1.000,0.714,0.810
77_0, , , ,avocado,AG.01.h.01.e,AG.01.h.01.e, , , 
77_1, , , ,fruit,AG.01.h.01,, , , 
77_2, , , ,chestnut,AG.01.h.01.f,AG.01.h.01.f, , , 
77_3, , , ,banana,AG.01.h.01,AG.01.h.01, , , 
77_4, , , ,kiwi,AG.01.h.01,AG.01.h.01, , , 
77_5, , , ,walnut,AG.01.h.01.f,AG.01.h.01.f, , , 
77_6, , , ,fruits,AG.01.h.01,, , , 
78,"Sure thing, the entities linked to food are delineated below:  chocolate, conventional chocolate, chocolates, isomalt chocolate, fructose-based chocolate, sweetener","Definitely, the entities are linked thusly:  chocolate - AG.01.n.17.a, conventional chocolate - AG.01.n.17.a, chocolates - AG.01.n.17.a, isomalt chocolate - AG.01.n.17.a, fructose-based chocolate - AG.01.n.17.a, sweetener - AG.01.l.02.","Absolutely, the entities are related in this manner: milk chocolate - AG.01.n.17.a, chocolate - AG.01.n.17.a, sucrose - AG.01.l.02, fructose - AG.01.l.02, isomalt - AG.01.l.02, sweet disaccharide alcohol - AG.01.l.02, pure compound - AG.01.l.02, confectionary - AG.01.n.17.a.", , , ,0.833,0.167,0.278
78_0, , , ,chocolate,AG.01.n.17.a,AG.01.n.17.a, , , 
78_1, , , ,conventional chocolate,AG.01.n.17.a,, , , 
78_2, , , ,chocolates,AG.01.n.17.a,, , , 
78_3, , , ,isomalt chocolate,AG.01.n.17.a,, , , 
78_4, , , ,fructose-based chocolate,AG.01.n.17.a,, , , 
78_5, , , ,sweetener,AG.01.l.02,, , , 
79,"Sure thing, here are the entities connected to food:  alcohol, use, salt, consumption, fruits, vegetables, fish, milk, fat, intake","Indeed, the entities are connected in this manner:  alcohol - AG.01.y.01, use - X, salt - AG.01.l.01, consumption - X, fruits - AG.01.h.01, vegetables - AG.01.h.02, fish - AG.01.d.07, milk - AG.01.e, fat - AG.01.f, intake - X.","Absolutely, the entities are related in this manner: fruits - AG.01.h.01, vegetables - AG.01.h.02, folate - AG.01, K - AG.01.l.01, Ca - AG.01.l.01, Mg - AG.01.l.01, dietary fibre - AG.01, fish - AG.01.d.07, milk - AG.01.e.", , , ,0.400,0.400,0.400
79_0, , , ,alcohol,AG.01.y.01,, , , 
79_1, , , ,use,X,, , , 
79_2, , , ,salt,AG.01.l.01,, , , 
79_3, , , ,consumption,X,, , , 
79_4, , , ,fruits,AG.01.h.01,AG.01.h.01, , , 
79_5, , , ,vegetables,AG.01.h.02,AG.01.h.02, , , 
79_6, , , ,fish,AG.01.d.07,AG.01.d.07, , , 
79_7, , , ,milk,AG.01.e,AG.01.e, , , 
79_8, , , ,fat,AG.01.f,, , , 
79_9, , , ,intake,X,, , , 
80,"Of course, the entities regarding food are provided as follows:  wheat, rye, barley, rice, corn, wheat starch","Absolutely, the entities are related as such:  wheat - AG.01.i, rye - AG.01.i, barley - AG.01.i, rice - AG.01.i, corn - AG.01.i, wheat starch - AG.01.l.","Definitely, the entities are linked in this fashion: gluten-free diet - AG.01, gluten-free foods - AG.01, foods - AG.01, wheat starch - AG.01.i, rice - AG.01.i, corn - AG.01.i, wheat - AG.01.i, barley - AG.01.i, rye - AG.01.i, foods rendered gluten free - AG.01, wheat starch products - AG.01.i.", , , ,0.694,0.833,0.758
80_0, , , ,wheat,AG.01.i,AG.01.i, , , 
80_1, , , ,rye,AG.01.i,AG.01.i, , , 
80_2, , , ,barley,AG.01.i,AG.01.i, , , 
80_3, , , ,rice,AG.01.i,AG.01.i, , , 
80_4, , , ,corn,AG.01.i,AG.01.i, , , 
80_5, , , ,wheat starch,AG.01.l,AG.01.i, , , 
81,"Definitely, the entities concerning food are delineated below:  cheese, yogurt, dairy products, milk, organic milk, milk products","Certainly, the entities are associated appropriately:  cheese - AG.01.e.02, yogurt - AG.01.e, dairy products - AG.01.e, milk - AG.01.e, organic milk - AG.01.e, milk products - AG.01.e.","Of course, the entities are tied together as: milk - AG.01.e, cheese - AG.01.e.02, yogurt - AG.01.e, dairy products - AG.01.e, dairy product - AG.01.e.", , , ,1.000,0.667,0.792
81_0, , , ,cheese,AG.01.e.02,AG.01.e.02, , , 
81_1, , , ,yogurt,AG.01.e,AG.01.e, , , 
81_2, , , ,dairy products,AG.01.e,AG.01.e, , , 
81_3, , , ,milk,AG.01.e,AG.01.e, , , 
81_4, , , ,organic milk,AG.01.e,, , , 
81_5, , , ,milk products,AG.01.e,, , , 
82,"Sure thing, the entities linked to food are outlined below:  dried plums, prune juice, dried plum powder, dried plum","Of course, the entities are tied together as:  dried plums - AG.01.n.08, prune juice - AG.01.ab, dried plum powder - AG.01.n.08, dried plum - AG.01.n.08.","Absolutely, the entities are related in this way: dried plums - AG.01.h.01, dried plum powder - AG.01.h.01, dried plums - AG.01.h.01, prunes - AG.01.h.01, plum juice - AG.01.ab.", , , ,0.000,0.000,0.000
82_0, , , ,dried plums,AG.01.n.08,AG.01.h.01, , , 
82_1, , , ,prune juice,AG.01.ab,, , , 
82_2, , , ,dried plum powder,AG.01.n.08,AG.01.h.01, , , 
82_3, , , ,dried plum,AG.01.n.08,, , , 
83,"Yes, the entities related to food are detailed below:  products, yogurt, fermented milk product, milk","Definitely, the entities are linked properly:  products - AG.01.e, yogurt - AG.01.e, fermented milk product - AG.01.e, milk - AG.01.e.","Indeed, the entities are connected in the following way: dairy products - AG.01.e, milk - AG.01.e, yogurt - AG.01.e, fermented milk product - AG.01.e, milk product - AG.01.e, intake - X, energy intake - X, blood glucose level - X, blood lipid profile - X, fecal fat excretion - X, saturated fatty acids - AG.01.f, phospholipids - AG.01.f, sphingolipids - AG.01.f, conjugated linoleic acid - AG.01.f, lipid - AG.01.f, lipoid nutrients - X.", , , ,1.000,0.750,0.857
83_0, , , ,products,AG.01.e,, , , 
83_1, , , ,yogurt,AG.01.e,AG.01.e, , , 
83_2, , , ,fermented milk product,AG.01.e,AG.01.e, , , 
83_3, , , ,milk,AG.01.e,AG.01.e, , , 
84,"Yes, the entities related to food are outlined below:  wholemeal bread, fruit, vegetables, cheese, fish, tea, whole-milk, consumption, meat, sausage, cold cuts, liver, salt, coffee","Certainly, the entities are associated in the following way:  wholemeal bread - AG.01.n.11, fruit - AG.01.h.01, vegetables - AG.01.h.02, cheese - AG.01.e.02, fish - AG.01.d.07, tea - AG.01.ac, whole-milk - AG.01.e, consumption - X, meat - AG.01.d, sausage - AG.01.n.05, cold cuts - AG.01.d, liver - AG.01.d.02, salt - AG.01.l.01, coffee - AG.01.ad.","Absolutely, the entities are related as such: wholemeal bread - AG.01.n.11, fruit - AG.01.h.01, vegetables - AG.01.h.02, cheese - AG.01.e.02, fish - AG.01.d.07, tea - AG.01.ac, whole-milk - AG.01.e, vegetables - AG.01.h.02, meat - AG.01.d, sausage - AG.01.n.05, cold cuts - AG.01.n.06, liver - AG.01.d.02, salt - AG.01.l.01, coffee - AG.01.ad, frying - AG.01.t.07, foods - AG.01.", , , ,0.929,0.857,0.881
84_0, , , ,wholemeal bread,AG.01.n.11,AG.01.n.11, , , 
84_1, , , ,fruit,AG.01.h.01,AG.01.h.01, , , 
84_2, , , ,vegetables,AG.01.h.02,AG.01.h.02, , , 
84_3, , , ,cheese,AG.01.e.02,AG.01.e.02, , , 
84_4, , , ,fish,AG.01.d.07,AG.01.d.07, , , 
84_5, , , ,tea,AG.01.ac,AG.01.ac, , , 
84_6, , , ,whole-milk,AG.01.e,AG.01.e, , , 
84_7, , , ,consumption,X,, , , 
84_8, , , ,meat,AG.01.d,AG.01.d, , , 
84_9, , , ,sausage,AG.01.n.05,AG.01.n.05, , , 
84_10, , , ,cold cuts,AG.01.d,AG.01.n.06, , , 
84_11, , , ,liver,AG.01.d.02,AG.01.d.02, , , 
84_12, , , ,salt,AG.01.l.01,AG.01.l.01, , , 
84_13, , , ,coffee,AG.01.ad,AG.01.ad, , , 
85,"Definitely, the entities concerning food are detailed below:  cereal, wheat, rice, maize, barley, sorghum, pigmented sorghum grain","Certainly, the entities are associated in this manner:  cereal - AG.01.i, wheat - AG.01.i, rice - AG.01.i, maize - AG.01.i, barley - AG.01.i, sorghum - AG.01.i, pigmented sorghum grain - AG.01.i.","Indeed, the entities are connected in this manner: sorghum - AG.01.i, grain - AG.01.i, polyphenols - AG.01, tannins - AG.01, antioxidants - AG.01, antioxidants like polyphenols - AG.01, maize - AG.01.i, wheat - AG.01.i, rice - AG.01.i, barley - AG.01.i, pigmented sorghum grain - AG.01.i, sorghum grain - AG.01.i, food - AG.01.", , , ,1.000,0.857,0.923
85_0, , , ,cereal,AG.01.i,, , , 
85_1, , , ,wheat,AG.01.i,AG.01.i, , , 
85_2, , , ,rice,AG.01.i,AG.01.i, , , 
85_3, , , ,maize,AG.01.i,AG.01.i, , , 
85_4, , , ,barley,AG.01.i,AG.01.i, , , 
85_5, , , ,sorghum,AG.01.i,AG.01.i, , , 
85_6, , , ,pigmented sorghum grain,AG.01.i,AG.01.i, , , 
86,"Yes, the entities linked to food are listed below:  baladi bread, wheat flour, soy bean flour, baladi breads, soybean flour, breads, soybean flour fortified baladi bread, soy flour fortified baladi bread, soy flour","Indeed, the entities are interwoven as:  baladi bread - AG.01.n.11, wheat flour - AG.01.k, soy bean flour - AG.01.k, baladi breads - AG.01.n.11, soybean flour - AG.01.k, breads - AG.01.n.11, soybean flour fortified baladi bread - AG.01.n.11, soy flour fortified baladi bread - AG.01.n.11, soy flour - AG.01.k.","Indeed, the entities are connected accordingly: wheat flour - AG.01.k [Flour];AG.01.j [Meal];AG.01.j.01 [Corn/cereals/grain], soy bean flour - AG.01.h.02.g [Pulse], fortified Baladi breads - AG.01.n.11 [Bread], bread - AG.01.n.11 [Bread], soybean flour fortified Baladi bread - AG.01.h.02.g [Pulse], soy flour fortified Baladi bread - AG.01.n.11 [Bread], wheat flour+8 mg folic acid/kg wheat flour - AG.01.k [Flour];AG.01.j [Meal];AG.01.j.01 [Corn/cereals/grain].", , , ,1.000,0.222,0.363
86_0, , , ,baladi bread,AG.01.n.11,, , , 
86_1, , , ,wheat flour,AG.01.k,AG.01.k, , , 
86_2, , , ,soy bean flour,AG.01.k,AG.01.h.02.g, , , 
86_3, , , ,baladi breads,AG.01.n.11,, , , 
86_4, , , ,soybean flour,AG.01.k,, , , 
86_5, , , ,breads,AG.01.n.11,, , , 
86_6, , , ,soybean flour fortified baladi bread,AG.01.n.11,AG.01.h.02.g, , , 
86_7, , , ,soy flour fortified baladi bread,AG.01.n.11,AG.01.n.11, , , 
86_8, , , ,soy flour,AG.01.k,, , , 
87,"Yes, the entities pertaining to food are detailed below:  beer, wine, spirits, candy jelly, soda pop, consumption, fruit, rice, seaweed, tofu, tsukudani, dish of fish, sugar, soy sauce","Of course, the entities are bonded correspondingly:  beer - AG.01.y.01.b, wine - AG.01.y.01.a, spirits - AG.01.y.01, candy jelly - AG.01.n.17.a, soda pop - AG.01.aa, consumption - X, fruit - AG.01.h.01, rice - AG.01.i, seaweed - AG.01.d.07, tofu - AG.01.n, tsukudani - AG.01.n.07, dish of fish - AG.01.n.07, sugar - AG.01.l.02, soy sauce - AG.01.l.04.","Indeed, the entities are connected accordingly: candy/jelly/soda pop - AG.01.n.17.a, fruit - AG.01.h.01, rice - AG.01.i, seaweed - AG.01, tofu - AG.01.n.09, tsukudani - AG.01.n.09, fish - AG.01.d.07, sugar - AG.01.l.02, soy sauce - AG.01.l.04.", , , ,0.286,0.286,0.286
87_0, , , ,beer,AG.01.y.01.b,, , , 
87_1, , , ,wine,AG.01.y.01.a,, , , 
87_2, , , ,spirits,AG.01.y.01,, , , 
87_3, , , ,candy jelly,AG.01.n.17.a,, , , 
87_4, , , ,soda pop,AG.01.aa,AG.01.n.17.a, , , 
87_5, , , ,consumption,X,, , , 
87_6, , , ,fruit,AG.01.h.01,AG.01.h.01, , , 
87_7, , , ,rice,AG.01.i,AG.01.i, , , 
87_8, , , ,seaweed,AG.01.d.07,AG.01, , , 
87_9, , , ,tofu,AG.01.n,AG.01.n.09, , , 
87_10, , , ,tsukudani,AG.01.n.07,AG.01.n.09, , , 
87_11, , , ,dish of fish,AG.01.n.07,, , , 
87_12, , , ,sugar,AG.01.l.02,AG.01.l.02, , , 
87_13, , , ,soy sauce,AG.01.l.04,AG.01.l.04, , , 
88,"Certainly, the entities connected with food are delineated below:  bovine milk, milk","Indeed, the entities are connected in this fashion:  bovine milk - AG.01.e, milk - AG.01.e.","Certainly, the entities are associated in this manner: corn silage - AG.01.i, grass-clover silages - AG.01.i, pelleted sugar beet pulp - AG.01.i, rapeseed meal - AG.01.i, molasses - AG.01.i, sugar beet pulp - AG.01.i, rapeseed cake - AG.01.i, corn - AG.01.i, ZnO - AG.01, saturated fat supplements - AG.01, milk - AG.01.e.", , , ,1.000,0.500,0.667
88_0, , , ,bovine milk,AG.01.e,, , , 
88_1, , , ,milk,AG.01.e,AG.01.e, , , 
